,Unnamed: 0,DCNumber,Sequence,OffenseDate,DateAdjudicated,County,CaseNumber,prisonterm,adjudicationcharge_descr
0,0,53,1,2018-07-03,2019-02-11,COLUMBIA,1800438.0,10001,WILLFUL FLEE/ELUDE LEO
1,1,53,2,2018-07-03,2019-02-11,COLUMBIA,1800438.0,10001,DRIV W/LIC S/R/C/D FELONY
2,2,119,1,2018-04-08,2019-05-14,JACKSON,1800606.0,1121,BURGL OCCUPIED DWELLING
3,3,119,2,2016-04-08,2019-05-14,JACKSON,1800606.0,1121,GRAND THEFT FIREARM
4,4,119,3,2018-04-11,2019-05-14,JACKSON,1800608.0,1121,BURGL OCCUPIED DWELLING
5,5,119,4,2018-04-11,2019-05-14,JACKSON,1800608.0,1121,"GRAND THEFT,300 L/5,000"
6,6,439,1,2018-01-01,2021-02-15,HIGHLANDS,1800317.0,10001,SX OFFNDR FAIL COMPLY PSIA
7,7,735,1,1982-06-05,1982-10-20,PINELLAS,8204250.0,30000,HALLUCINOGEN-OTHER-NON MARIJ
8,8,735,2,1982-05-24,1982-10-20,PINELLAS,8204339.0,30000,HALLUCINOGEN-OTHER-NON MARIJ
9,9,735,3,1982-05-24,1982-10-20,PINELLAS,8204339.0,30000,CONSTRUCTIVE POSSESSION
10,10,735,4,1982-02-16,1982-10-20,PINELLAS,8205340.0,30000,CONSTRUCTIVE POSSESSION
11,11,735,5,1982-02-16,1982-10-20,PINELLAS,8205340.0,30000,HALLUCINOGEN-OTHER-NON MARIJ
12,12,741,5,1990-07-04,1990-08-14,DUVAL,9008203.0,400,AGG BATTERY/W/DEADLY WEAPON
13,13,2472,1,1965-05-01,1965-07-29,HILLSBOROUGH,,50000,BURGUNOCCSTRUC/CV OR ATT.
14,14,2472,2,1965-06-01,1965-09-24,HERNANDO,,100000,BURGUNOCCSTRUC/CV OR ATT.
15,15,2472,3,1966-02-20,1966-05-12,PINELLAS,,30000,BURG/DWELL/OCCUP.CONVEY
16,16,2472,4,1971-01-01,1971-03-18,PINELLAS,,60000,BURGUNOCCSTRUC/CV OR ATT.
17,17,2472,5,1984-05-01,1985-03-25,HILLSBOROUGH,8405448.0,10600,BURG/DWELL/OCCUP.CONVEY
18,18,2472,6,1984-03-28,1984-11-01,PINELLAS,8402966.0,150000,BURG/DWELL/OCCUP.CONVEY
19,19,2472,7,1984-03-28,1984-11-01,PINELLAS,8402966.0,50000,CARRYING CONCEALED FIREARM
20,20,2472,8,1984-03-28,1984-11-01,PINELLAS,8402966.0,50000,"GRAND THEFT,$300 LESS &20,000"
21,21,2472,9,1984-03-28,1984-11-01,PINELLAS,8402966.0,50000,POSS.FIREARM BY FELON
22,22,2472,14,1981-05-05,1981-05-05,INTERSTATE,,700,BURGL-OTHER/OTHER STATE
23,23,3869,4,1971-02-20,1975-09-02,PALM BEACH,,50000,BURGL-FORCED ENTRY-RESIDENCE
24,24,4278,1,1965-11-26,1970-02-16,MIAMI-DADE,,200000,BURGUNOCCSTRUC/CV OR ATT.
25,25,4278,2,1974-07-29,1975-02-24,UNION,,600,BURGUNOCCSTRUC/CV OR ATT.
26,26,4278,3,1981-01-15,1981-06-15,VOLUSIA,,40000,"GRAND THEFT,$300 LESS &20,000"
27,27,4278,16,1979-11-06,1979-11-06,ALACHUA,,200000,LARCENY-OTHER
28,28,4663,2,1961-07-02,1972-02-01,HILLSBOROUGH,,9999998,HOMICIDE-WILLFUL KILL-FMLY-GUN
29,29,4967,3,1978-11-14,1978-11-14,INTERSTATE,,150700,RAPE WITH OTHER WEAPON
30,30,7873,7,1964-08-14,1964-11-30,COLLIER,,60600,SEX BAT/ WPN. OR FORCE
31,31,8359,12,1974-07-28,1975-04-02,ESCAMBIA,,250000,ROBBERY-BUSINESS-GUN
32,32,8385,1,1962-12-22,1963-02-28,PINELLAS,,50000,ROBBERY
33,33,8869,8,1962-12-28,1963-04-15,DUVAL,,130000,ESCAPE
34,34,9167,3,1962-12-01,1979-06-05,ESCAMBIA,5000273.0,261000,"2ND DEG.MURD,DANGEROUS ACT"
35,35,9279,1,1968-12-31,1969-10-31,DUVAL,6900385.0,150000,BURGUNOCCSTRUC/CV OR ATT.
36,36,9279,2,1968-12-31,1969-10-31,DUVAL,6900385.0,50000,LARCENY/GRAND THEFT
37,37,9279,3,1969-01-09,1969-10-31,DUVAL,6900097.0,150000,BURGUNOCCSTRUC/CV OR ATT.
38,38,9279,4,1969-10-31,1972-09-28,BRADFORD,7200099.0,10000,ESCAPE
39,39,9279,5,1972-09-08,1972-10-09,DUVAL,7205461.0,200000,ROBBERY
40,40,9279,6,1977-05-02,1978-10-03,DUVAL,7702114.0,120000,ESCAPE
41,41,9279,7,1983-03-28,1983-11-18,DUVAL,8304080.0,270000,ROBB. GUN OR DEADLY WPN
42,42,10057,1,2017-02-28,2018-08-15,HERNANDO,1700400.0,20000,POSS/USE HOX BMB-FLNY/ATT.
43,43,10057,2,2017-02-28,2018-08-15,HERNANDO,1700400.0,20000,AGG ASSLT-W/WPN NO INTENT TO K
44,44,10057,3,2017-02-28,2018-08-15,HERNANDO,1700400.0,20000,AGG ASSLT-W/WPN NO INTENT TO K
45,45,10057,4,2017-11-17,2018-08-15,HERNANDO,1800097.0,20000,FRAUD USE OF PERSONAL ID
46,46,10057,5,2017-11-26,2018-08-15,HERNANDO,1702793.0,20000,THEFT>65YO>$300<$10K
47,47,10057,6,2017-11-26,2018-08-15,HERNANDO,1702793.0,20000,UTTERING FORGED BILLS
48,48,10057,7,2017-11-26,2018-08-15,HERNANDO,1702793.0,20000,UTTERING FORGED BILLS
49,49,10057,8,2017-11-26,2018-08-15,HERNANDO,1702793.0,20000,UTTERING FORGED BILLS
50,50,10057,9,2017-11-26,2018-08-15,HERNANDO,1702793.0,20000,UTTERING FORGED BILLS
51,51,10057,10,2017-11-26,2018-08-15,HERNANDO,1702793.0,20000,UTTERING FORGED BILLS
52,52,10057,11,2017-11-26,2018-08-15,HERNANDO,1702793.0,20000,UTTERING FORGED BILLS
53,53,10057,12,2017-12-08,2018-08-15,HERNANDO,1702785.0,20000,TRAFFIC IN STOLEN PROPERTY
54,54,10057,13,2017-12-08,2018-08-15,HERNANDO,1702785.0,20000,COMMERCIAL FRAUD < $300
55,55,10057,14,2017-12-08,2018-08-15,HERNANDO,1702785.0,20000,FRAUD-CREDIT-CARD
56,56,10057,15,2017-12-09,2018-08-15,HERNANDO,1702785.0,20000,FRAUD-CREDIT-CARD
57,57,10057,16,2017-07-17,2018-08-15,HERNANDO,1701549.0,20000,ESCAPE
58,58,10057,17,2017-06-02,2018-08-15,HERNANDO,1701547.0,20000,"ORG.FRAUD - UNDER $20,000"
59,59,10057,18,2017-06-02,2018-08-15,HERNANDO,1701547.0,20000,TRAFFIC IN STOLEN PROPERTY
60,60,10057,19,2016-12-05,2018-08-15,HERNANDO,1700433.0,20000,TRAFFIC IN STOLEN PROPERTY
61,61,10057,20,2016-12-26,2018-08-15,HERNANDO,1700433.0,20000,"ORG.FRAUD - UNDER $20,000"
62,62,10057,21,2017-02-01,2018-08-15,HERNANDO,1700429.0,20000,TRAFFIC IN STOLEN PROPERTY
63,63,10057,22,2017-02-01,2018-08-15,HERNANDO,1700429.0,20000,FALS INF. TO PWNBRKR<$300
64,64,10064,1,2018-05-06,2019-04-09,JACKSON,1800349.0,10600,S/M/D METH
65,65,10220,1,2018-11-06,2019-06-13,BAY,1805016.0,10400,BATTERY UPON PERSON 65/OLDER
66,66,10220,2,2018-12-28,2019-06-13,BAY,1900443.0,10400,UTTER FORGED INSTRUMENT
67,67,10220,3,2018-12-28,2019-06-13,BAY,1900443.0,10400,"GRAND THEFT,300 L/5,000"
68,68,10220,4,2019-01-02,2019-06-13,BAY,1900827.0,10400,UTTER FORGED INSTRUMENT
69,69,10243,1,1978-02-04,1979-06-08,ORANGE,,50000,"HOMICIDE,MANSL.CUL.NEGLI"
70,70,10243,3,1978-02-04,1979-06-08,ORANGE,,20700,"HOMICIDE,MANSL.CUL.NEGLI"
71,71,10452,1,2018-10-02,2020-02-18,ESCAMBIA,1806825.0,10200,PASS TITLE ON STOLEN VEHICLE
72,72,10452,2,2018-10-03,2020-02-18,ESCAMBIA,1806825.0,10200,UTTER FORGED INSTRUMENT
73,73,10452,3,2018-10-06,2020-02-18,ESCAMBIA,1806825.0,10200,UTTER FORGED INSTRUMENT
74,74,10452,4,2018-10-08,2020-02-18,ESCAMBIA,1806825.0,10200,UTTER FORGED INSTRUMENT
75,75,10452,5,2018-10-08,2020-02-18,ESCAMBIA,1806825.0,10200,UTTER FORGED INSTRUMENT
76,76,10452,6,2019-08-14,2020-02-18,ESCAMBIA,1904836.0,10200,FLEE LEO/NO REGARD
77,77,10505,1,1976-01-29,1976-01-29,HILLSBOROUGH,,30000,POSSESS ILLEGAL WEAPON
78,78,10505,2,1980-08-09,1981-04-29,HILLSBOROUGH,,50000,BURGUNOCCSTRUC/CV OR ATT.
79,79,10505,3,1984-03-01,1988-09-07,HILLSBOROUGH,8706445.0,30000,CHILD ABUSE-NEGLECT
80,80,10505,4,1984-03-01,1990-05-24,HILLSBOROUGH,8706445.0,200000,SEX BAT BY ADULT/VCTM LT 12
81,81,10505,5,1984-03-01,1990-05-24,HILLSBOROUGH,8706445.0,200000,SEX BAT BY ADULT/VCTM LT 12
82,82,10505,7,1975-09-19,1977-11-01,HILLSBOROUGH,,11000,WEAPON OFFENSE-OTHER
83,83,10540,7,1963-07-21,1976-01-27,MIAMI-DADE,,9999998,SEX ASSLT - CARNAL ABUSE
84,84,10599,1,2018-12-05,2020-10-23,SAINT LUCIE,1803441.0,20000,CARRYING CONCEALED FIREARM
85,85,10630,1,2016-05-26,2019-10-22,ALACHUA,1602619.0,30000,FEL/DELI W/GUN/CONC WPN/AMMO
86,86,10861,2,1963-08-16,1977-07-05,PALM BEACH,,9999998,"HOMICIDE,MANSL.UNNC.KILL'G"
87,87,11005,1,1982-04-27,1982-07-29,PINELLAS,8203160.0,20000,BURGUNOCCSTRUC/CV OR ATT.
88,88,11005,2,1985-01-27,1985-05-24,PINELLAS,8501088.0,20600,CONSTRUCTIVE POSSESSION
89,89,11005,3,1985-03-23,1985-05-24,PINELLAS,8503250.0,20600,BURGUNOCCSTRUC/CV OR ATT.
90,90,11005,4,1985-03-23,1985-05-24,PINELLAS,8503250.0,20600,BURGLARY TOOLS-POSSESS
91,91,11005,5,1987-03-10,1987-06-08,PINELLAS,8702889.0,50000,BURGUNOCCSTRUC/CV OR ATT.
92,92,11005,6,1987-03-10,1987-06-08,PINELLAS,8702890.0,50000,FRAUD-CHECK
93,93,11005,7,1988-09-10,1989-07-06,PINELLAS,8812735.0,300000,"2ND DEG.MURD,DANGEROUS ACT"
94,94,11005,8,2006-07-26,2006-10-16,PINELLAS,616478.0,10001,PETIT THEFT/3RD CONVICTION
95,95,11093,1,1982-04-16,1983-10-26,PASCO,8300738.0,10001,BURG/DWELL/OCCUP.CONVEY
96,96,11093,2,1985-06-24,1986-01-27,PASCO,8501359.0,90000,BURG/DWELL/OCCUP.CONVEY
97,97,11093,3,1985-08-20,1986-01-27,PASCO,8502137.0,50000,PETIT THEFT/3RD CONVICTION
98,98,11093,4,1988-08-30,1988-12-21,PASCO,8802918.0,90000,TRAFFIC IN STOLEN PROPERTY
99,99,11093,5,1988-08-26,1989-01-10,HILLSBOROUGH,8812844.0,50000,"GRAND THEFT,$300 LESS &20,000"
100,100,11093,6,1988-08-26,1989-01-10,HILLSBOROUGH,8812844.0,90000,BURGLARY ASSAULT ANY PERSON
101,101,11093,7,1988-08-20,1989-01-10,HILLSBOROUGH,8813970.0,50000,BURGUNOCCSTRUC/CV OR ATT.
102,102,11146,1,2020-01-18,2021-05-17,LAKE,2000200.0,10600,FEL/DELI W/GUN/CONC WPN/AMMO
103,103,11225,6,1971-07-21,1975-05-27,BROWARD,,30700,BURGL-FORCED ENTRY-RESIDENCE
104,104,11484,1,1970-08-16,1970-12-16,MARION,,50000,GRAND THEFT MOTOR VEHICLE
105,105,11484,2,1973-02-27,1973-04-02,BRADFORD,,600,ESCAPE
106,106,11484,3,1976-03-13,1976-06-14,COLUMBIA,,200000,BURG/DWELL/OCCUP.CONVEY
107,107,11484,4,1977-07-01,1977-12-19,UNION,,20000,CONSTRUCTIVE POSSESSION
108,108,11484,5,1980-11-13,1981-03-25,GADSDEN,,30000,ESCAPE
109,109,11484,6,1988-05-14,1988-10-24,BRADFORD,8800253.0,120000,BURG/DWELL/OCCUP.CONVEY
110,110,11484,15,1970-08-16,1975-10-31,MARION,,41000,GRAND THEFT MOTOR VEHICLE
111,111,11641,5,1975-04-14,1975-09-24,DUVAL,,50600,ROBB. GUN OR DEADLY WPN
112,112,11789,8,1975-09-20,1975-11-13,SAINT JOHNS,,40000,POSS.FIREARM BY FELON
113,113,11866,1,1978-04-17,1978-05-05,WALTON,,90000,BURGUNOCCSTRUC/CV OR ATT.
114,114,11866,2,1990-07-20,1991-02-18,OKALOOSA,9000997.0,100000,BURGUNOCCSTRUC/CV OR ATT.
115,115,11866,3,1990-07-20,1991-02-18,OKALOOSA,9000997.0,100000,BURGLARY TOOLS-POSSESS
116,116,11866,4,2000-04-21,2003-08-05,WALTON,200861.0,40000,L/L MOLEST V<12 OFF 18+
117,117,11866,5,2014-03-09,2014-12-18,WALTON,1400382.0,50000,POSS/DIST.CHEM.TO MFG.SUB
118,118,11866,6,2014-03-09,2014-12-18,WALTON,1400382.0,50000,S/M/D METH
119,119,11866,7,2014-06-15,2014-12-18,WALTON,1400459.0,50000,SX OFFNDR FAIL COMPLY PSIA
120,120,13109,13,1971-03-17,1971-08-03,POLK,,60500,BURGL-FORCED ENTRY-RESIDENCE
121,121,13580,1,1969-01-25,1969-07-23,DUVAL,6900959.0,250000,ROBB. GUN OR DEADLY WPN
122,122,13580,2,1969-01-25,1969-07-23,DUVAL,6900959.0,50000,AGG BATTERY/W/DEADLY WEAPON
123,123,13580,3,1979-04-20,1979-10-01,DUVAL,7902595.0,200000,ROBB. GUN OR DEADLY WPN
124,124,13580,4,1979-04-14,1979-10-01,DUVAL,7902594.0,50000,ROBB. GUN OR DEADLY WPN
125,125,13580,5,1979-04-22,1979-10-01,DUVAL,7902596.0,50000,ROBB. GUN OR DEADLY WPN
126,126,13580,6,1979-04-13,1979-10-01,DUVAL,7902597.0,200000,ROBB. GUN OR DEADLY WPN
127,127,13580,7,1979-05-23,1979-10-01,DUVAL,7903372.0,150000,ESCAPE
128,128,13580,13,1969-02-28,1969-07-23,DUVAL,,80600,ROBBERY-RESIDENCE-GUN
129,129,13628,1,1982-08-05,1983-01-20,SARASOTA,8201683.0,50000,AGG ASSLT-W/WPN NO INTENT TO K
130,130,13628,2,1982-08-05,1983-01-20,SARASOTA,8201683.0,50000,AGG BATTERY INTENDED HARM
131,131,13628,3,1985-08-29,1985-11-27,SARASOTA,8502162.0,50000,AGG BATTERY/W/DEADLY WEAPON
132,132,13709,1,1973-02-19,1973-04-27,PINELLAS,7300770.0,50000,ROBBERY
133,133,13709,2,1977-09-27,1978-01-11,PINELLAS,7705061.0,80000,ESCAPE
134,134,13709,3,1977-09-26,1978-01-30,PINELLAS,7705314.0,10001,POSS.FIREARM BY FELON
135,135,13709,4,1981-12-20,1982-09-09,HILLSBOROUGH,,150000,ROBB. WPN-NOT DEADLY
136,136,13709,6,1977-09-26,1978-01-11,PINELLAS,,30400,ESCAPE
137,137,14086,10,1966-04-21,1974-08-20,COLUMBIA,,250000,ROBBERY-BUSINESS-GUN
138,138,14244,1,1965-06-10,1965-06-10,PINELLAS,,20000,BURGUNOCCSTRUC/CV OR ATT.
139,139,14244,2,1966-05-27,1966-05-27,PASCO,,30000,BURGUNOCCSTRUC/CV OR ATT.
140,140,14244,3,1968-04-04,1968-06-06,ORANGE,,50000,ESCAPE
141,141,14244,4,1971-12-13,1971-12-13,PASCO,,30000,BURGUNOCCSTRUC/CV OR ATT.
142,142,14244,5,1973-07-21,1974-01-28,LAKE,,50000,ESCAPE
143,143,14244,10,1973-12-20,1974-01-28,PINELLAS,,40400,ESCAPE
144,144,14712,1,1965-04-07,1965-08-11,DUVAL,6502023.0,20000,BURGUNOCCSTRUC/CV OR ATT.
145,145,14712,2,1965-04-07,1965-08-11,DUVAL,6502036.0,20000,BURGUNOCCSTRUC/CV OR ATT.
146,146,14712,3,1964-01-09,1965-08-24,DUVAL,6400928.0,50000,BURGUNOCCSTRUC/CV OR ATT.
147,147,14950,1,1977-05-06,1977-07-18,GADSDEN,,30000,STOLEN PROPERTY
148,148,14950,2,1976-02-21,1977-10-24,LEON,,20000,UTTERING FORGERY
149,149,14950,3,1980-09-23,1981-05-01,GADSDEN,,30000,"GRAND THEFT,$300 LESS &20,000"
150,150,14950,4,1988-05-26,1988-06-17,HILLSBOROUGH,8807644.0,20000,FORGERY/UTTERING
151,151,14950,5,1988-05-26,1988-06-17,HILLSBOROUGH,8807644.0,20000,UTTERING FORGERY
152,152,15263,7,1968-10-04,1976-03-30,MANATEE,,350000,SEX ASSLT-SODOMY-BOY-STGARM
153,153,15506,1,1983-05-08,1983-09-15,ESCAMBIA,8303051.0,1127,AGG BATTERY/W/DEADLY WEAPON
154,154,15506,2,1983-05-08,1983-09-15,ESCAMBIA,8303051.0,30000,AGG BATTERY/W/DEADLY WEAPON
155,155,15506,5,1983-05-08,1983-09-15,ESCAMBIA,8303051.0,1126,AGG BATTERY/W/DEADLY WEAPON
156,156,15712,1,1969-06-21,1970-02-20,BROWARD,6900148.0,100000,AGG ASSLT-INTENT COMMIT FELONY
157,157,15712,2,1983-01-26,1983-11-07,VOLUSIA,8300301.0,150000,ROBB. GUN OR DEADLY WPN
158,158,15712,3,1983-01-26,1983-11-07,VOLUSIA,8300301.0,50000,POSS.FIREARM BY FELON
159,159,15712,4,1992-06-10,1992-10-13,BROWARD,9211638.0,10300,COCAINE-SALE OR PURCHASE
160,160,15712,5,1995-06-09,1995-12-06,BROWARD,9510242.0,10623,COCAINE - POSSESSION
161,161,15712,6,1997-02-19,1998-05-13,BROWARD,9703413.0,20821,COCAINE - POSSESSION
162,162,15712,8,1979-01-17,1979-11-07,BROWARD,,20100,AGG ASSLT-INTENT COMMIT FELONY
163,163,16069,1,1966-03-21,1966-03-21,VOLUSIA,,250000,HOMICIDE
164,164,16069,2,1967-05-24,1967-06-16,JACKSON,,10000,ESCAPE
165,165,16069,3,1975-04-25,1975-09-08,BAKER,,150000,AGG ASSLT-INTENT COMMIT FELONY
166,166,16069,4,1975-09-08,1976-02-02,BAKER,,50000,AGGRAVATED BATTERY
167,167,16069,5,1986-10-02,1987-01-22,BAKER,8600158.0,120000,AGG BATTERY INTENDED HARM
168,168,16185,1,1979-10-02,1980-04-02,PINELLAS,,30000,"GRAND THEFT,$300 LESS &20,000"
169,169,16185,2,1989-02-03,1989-11-14,PINELLAS,8901690.0,90000,TRAFFICKING IN COCAINE
170,170,16185,3,1989-03-10,1989-11-14,PINELLAS,8903926.0,50000,COCAINE-POSSESS
171,171,16185,4,1989-01-27,1989-11-14,PINELLAS,8903927.0,90000,COCAINE-SALE OR PURCHASE
172,172,16185,5,1989-01-27,1989-11-14,PINELLAS,8903927.0,50000,COCAINE-POSSESS
173,173,16185,6,1989-06-15,1989-11-14,PINELLAS,8910263.0,90000,COCAINE-SALE OR PURCHASE
174,174,16185,7,1989-06-15,1989-11-14,PINELLAS,8910263.0,50000,COCAINE-POSSESS
175,175,16185,8,1989-06-26,1989-11-14,PINELLAS,8910264.0,90000,COCAINE-POSSESS
176,176,16185,9,1989-06-26,1989-11-14,PINELLAS,8910264.0,50000,COCAINE-POSSESS
177,177,16185,10,1989-06-27,1989-11-14,PINELLAS,8910265.0,90000,COCAINE-SALE OR PURCHASE
178,178,16185,11,1989-06-27,1989-11-14,PINELLAS,8910265.0,50000,COCAINE-POSSESS
179,179,16185,12,1989-06-30,1989-11-14,PINELLAS,8910266.0,90000,TRAFFICKING IN COCAINE
180,180,16185,13,2000-11-17,2001-03-12,PASCO,3976.0,70000,TRAFF COCAINE 28-U/200GR
181,181,16185,14,2000-07-06,2001-03-19,PINELLAS,11625.0,50014,COCAINE-SALE/MANUF/DELIV.
182,182,16185,15,2000-10-31,2001-03-19,PINELLAS,100009.0,50014,COCAINE-SALE/MANUF/DELIV.
183,183,16185,16,2000-10-31,2001-03-19,PINELLAS,100009.0,50014,COCAINE - POSSESSION
184,184,16185,17,2000-11-08,2001-03-19,PINELLAS,100009.0,50014,COCAINE-SALE/MANUF/DELIV.
185,185,16185,18,2000-11-08,2001-03-19,PINELLAS,100009.0,50014,COCAINE - POSSESSION
186,186,16185,19,2010-12-15,2012-01-18,PINELLAS,1106739.0,60400,COCAINE-SALE/MANUF/DELIV.
187,187,16185,20,2011-01-04,2012-01-18,PINELLAS,1106739.0,60400,COCAINE-SALE/MANUF/DELIV.
188,188,16185,21,2011-01-12,2012-01-18,PINELLAS,1106739.0,60400,COCAINE-SALE/MANUF/DELIV.
189,189,16318,1,1972-11-16,1974-02-22,MIAMI-DADE,,50000,BURGUNOCCSTRUC/CV OR ATT.
190,190,16318,2,1972-11-12,1975-07-24,MIAMI-DADE,,50000,BURG/DWELL/OCCUP.CONVEY
191,191,16318,3,1977-09-11,1978-02-24,MIAMI-DADE,,50000,BURGUNOCCSTRUC/CV OR ATT.
192,192,16318,4,1980-11-24,1981-03-02,MIAMI-DADE,,50000,GRAND THEFT MOTOR VEHICLE
193,193,16318,11,1973-03-01,1976-04-30,MIAMI-DADE,,50000,BURGL-FORCED ENTRY-RESIDENCE
194,194,16392,7,1972-08-05,1972-12-11,PALM BEACH,,50600,ROBB. GUN OR DEADLY WPN
195,195,16450,1,1975-08-22,1978-03-10,BROWARD,,50000,BURG/DWELL/OCCUP.CONVEY
196,196,16450,2,1980-11-25,1981-06-02,BROWARD,,50000,BURG/DWELL/OCCUP.CONVEY
197,197,16450,3,1986-06-18,1986-10-09,BROWARD,8608660.0,50000,BURG/N/ASSLT/OCC.STRUCT.
198,198,16450,4,1989-07-06,1989-12-11,BROWARD,8914577.0,120000,BURG/DWELL/OCCUP.CONVEY
199,199,16450,5,1993-10-21,1994-01-11,BROWARD,9318405.0,50000,BURG/DWELL/OCCUP.CONVEY
200,200,16450,10,1975-08-23,1978-03-10,BROWARD,,20200,BURGL-FORCED ENTRY-RESIDENCE
201,201,17055,4,1966-05-18,1966-08-18,SEMINOLE,,130300,ROBBERY-STREET-STRONGARM
202,202,17200,3,1966-06-14,1966-09-26,DUVAL,,140700,SEX BAT/ WPN. OR FORCE
203,203,17364,3,1973-05-23,1976-07-06,VOLUSIA,,50000,ROBBERY-BUSINESS-GUN
204,204,17379,1,1970-09-07,1970-12-21,HILLSBOROUGH,,100000,ROBB. GUN OR DEADLY WPN
205,205,17379,2,1976-01-30,1976-06-14,HILLSBOROUGH,,150000,ROBB. GUN OR DEADLY WPN
206,206,17379,4,1970-10-01,1974-10-01,HILLSBOROUGH,,100000,ROBBERY-BUSINESS-GUN
207,207,18013,1,1977-01-10,1977-08-24,PASCO,,100000,ESCAPE
208,208,18013,2,1992-05-08,1994-03-18,PASCO,9201567.0,20000,MARIJUANA-POSSESS
209,209,18013,3,1992-05-06,1994-03-18,PASCO,9201567.0,20000,MARIJUANA-SALE/PURCHASE
210,210,18013,4,1992-05-07,1994-03-18,PASCO,9201567.0,20000,MARIJUANA-SALE/PURCHASE
211,211,18013,5,1992-05-08,1994-03-18,PASCO,9201567.0,20000,MARIJUANA-SALE/PURCHASE
212,212,18013,6,1992-05-08,1994-03-18,PASCO,9201567.0,20000,MARIJUANA-POSSESS
213,213,18013,7,1992-05-06,1994-03-18,PASCO,9201566.0,20000,POSS.FIREARM BY FELON
214,214,18013,8,2010-02-01,2010-07-20,HERNANDO,1000252.0,10209,POSSESS METHAMPHETAMINE
215,215,18013,9,2010-02-01,2010-07-20,HERNANDO,1000253.0,10209,POSSESS METHAMPHETAMINE
216,216,18013,10,2010-03-09,2010-07-20,HERNANDO,1000521.0,10209,AGG ASSLT-W/WPN NO INTENT TO K
217,217,18160,7,1973-01-02,1976-09-28,BROWARD,,30800,BURGL-FORCED ENTRY-RESIDENCE
218,218,18545,2,1966-11-20,1967-04-17,MIAMI-DADE,,120800,SEX ASSLT-SODOMY-BOY-GUN
219,219,18615,4,1966-11-17,1967-05-01,MIAMI-DADE,,101000,HOMICIDE-WLFL KILL-NONFMLY-GUN
220,220,18959,4,1967-03-18,1967-06-09,PALM BEACH,,210000,"HOMICIDE,KILL UNBORN CHLD"
221,221,19373,2,1975-08-23,1977-08-01,DUVAL,,11000,BURGL-FORCED ENTRY-NONRESIDENC
222,222,19415,1,1964-03-30,1967-08-31,HAMILTON,,50000,BURGUNOCCSTRUC/CV OR ATT.
223,223,19415,2,1970-08-27,1971-02-03,PALM BEACH,,30000,GRAND THEFT MOTOR VEHICLE
224,224,19415,3,1971-07-02,1971-07-08,ALACHUA,,100000,AGGRAVATED BATTERY
225,225,19415,4,1971-04-07,1972-11-10,ALACHUA,,10600,ESCAPE
226,226,19415,6,1971-07-08,1971-07-08,MIAMI-DADE,,120000,LARCENY-OTHER
227,227,19450,4,1967-02-20,1967-07-25,POLK,,110000,SEX ASSLT-OTHER/OTHER STATE
228,228,19483,1,1972-04-21,1972-07-12,HILLSBOROUGH,1854.0,300000,ROBB. GUN OR DEADLY WPN
229,229,19483,2,1980-09-23,1981-03-09,UNION,8000167.0,30000,ESCAPE
230,230,19483,3,1983-07-17,1984-03-23,PALM BEACH,8304338.0,10000,ESCAPE
231,231,19483,4,1983-09-21,1984-03-23,PALM BEACH,8305728.0,10000,ESCAPE
232,232,19523,4,1967-03-12,1977-03-01,POLK,,9999998,RAPE - STRONGARM
233,233,19678,1,1975-09-03,1976-03-19,BAY,7500576.0,250000,ROBB. GUN OR DEADLY WPN
234,234,19678,2,1975-09-01,1976-03-24,BAY,7500575.0,250000,ROBB. GUN OR DEADLY WPN
235,235,19678,3,1975-12-08,1976-03-25,BAY,7500750.0,100000,ESCAPE
236,236,19762,1,1972-06-30,1972-07-21,HILLSBOROUGH,,50000,BURGUNOCCSTRUC/CV OR ATT.
237,237,19762,2,1972-10-01,1972-10-02,CHARLOTTE,,10000,ESCAPE
238,238,19762,3,1976-08-25,1973-05-14,ALACHUA,,20600,ESCAPE
239,239,19762,4,1975-06-30,1975-07-17,DESOTO,,150000,ESCAPE
240,240,19762,5,1978-01-02,1980-02-19,DESOTO,,30000,ESCAPE
241,241,19762,11,1972-06-16,1972-07-21,HILLSBOROUGH,,70900,BURGL-FORCED ENTRY-NONRESIDENC
242,242,19866,1,1980-11-23,1981-04-23,HILLSBOROUGH,,50000,SEXUAL BATTERY UNSPECIFIED
243,243,19866,2,1985-05-11,1987-11-23,HILLSBOROUGH,8504803.0,20000,POSS.FIREARM BY FELON
244,244,19929,1,1978-02-01,1978-02-01,PALM BEACH,,50000,AGGRAVATED BATTERY
245,245,19929,2,1983-02-11,1984-08-08,VOLUSIA,8303838.0,50000,FORGERY/UTTERING
246,246,19929,3,1983-02-11,1983-09-01,VOLUSIA,8301158.0,50000,UTTERING FORGERY
247,247,19929,4,1990-02-15,1992-01-28,PALM BEACH,9007877.0,30000,TRAFFIC IN STOLEN PROPERTY
248,248,19929,5,1990-02-15,1992-01-28,PALM BEACH,9007877.0,30000,UTTERING FORGERY
249,249,19929,6,1991-01-04,1992-01-28,PALM BEACH,9102142.0,30000,"GRAND THEFT,$300 LESS &20,000"
250,250,19929,7,1991-01-04,1992-01-28,PALM BEACH,9102142.0,30000,UTTERING FORGERY
251,251,19929,8,1990-05-14,1992-01-28,PALM BEACH,9108131.0,30000,"GRAND THEFT,$300 LESS &20,000"
252,252,19929,9,1990-05-14,1992-01-28,PALM BEACH,9108131.0,30000,UTTERING FORGERY
253,253,19929,10,1989-11-21,1992-01-28,PALM BEACH,9008550.0,30000,UTTERING FORGERY
254,254,19929,11,1990-03-09,1992-01-28,PALM BEACH,9008550.0,30000,UTTERING FORGERY
255,255,19929,12,1989-11-03,1992-01-28,PALM BEACH,9008496.0,30000,UTTERING FORGERY
256,256,19929,13,1989-11-03,1992-01-28,PALM BEACH,9008496.0,30000,"GRAND THEFT,$300 LESS &20,000"
257,257,19929,14,1990-04-12,1992-01-28,PALM BEACH,9008495.0,30000,UTTERING FORGERY
258,258,19929,15,1990-04-12,1992-01-28,PALM BEACH,9008495.0,30000,"GRAND THEFT,$300 LESS &20,000"
259,259,19929,16,1989-12-01,1992-01-28,PALM BEACH,9008232.0,30000,UTTERING FORGERY
260,260,19929,17,1989-12-01,1992-01-28,PALM BEACH,9008232.0,30000,FORGERY/UTTERING
261,261,19929,18,1989-11-21,1992-01-28,PALM BEACH,9007876.0,30000,UTTERING FORGERY
262,262,19929,19,1989-11-21,1992-01-28,PALM BEACH,9007876.0,30000,TRAFFIC IN STOLEN PROPERTY
263,263,19929,20,1989-08-24,1992-04-28,MARTIN,9200201.0,50000,UTTERING FORGERY
264,264,19929,21,1990-02-26,1992-08-13,LAKE,9001077.0,50000,UTTERING FORGERY
265,265,19929,26,1977-11-22,1978-02-01,BROWARD,,50000,BURG/N/ASSLT/OCC.STRUCT.
266,266,20246,1,1971-11-10,1972-03-06,HILLSBOROUGH,,200000,ROBB. GUN OR DEADLY WPN
267,267,20246,5,1972-01-05,1972-03-06,HILLSBOROUGH,,70400,ROBBERY-OTHER/OTHER STATE
268,268,20445,1,2017-07-17,2019-04-10,MANATEE,1702976.0,10429,COCAINE-SALE/MANUF/DELIV.
269,269,20445,2,2017-07-18,2019-04-10,MANATEE,1702976.0,10429,COCAINE-SALE/MANUF/DELIV.
270,270,20445,3,2017-07-24,2019-04-10,MANATEE,1702976.0,10429,COCAINE-SALE/MANUF/DELIV.
271,271,20445,4,2017-07-24,2019-04-10,MANATEE,1702976.0,10429,"HEROIN-SALE,MANUF/DELIVER"
272,272,20445,5,2017-08-02,2019-04-10,MANATEE,1703000.0,10429,COCAINE-SALE/MANUF/DELIV.
273,273,20899,1,1967-11-08,1967-11-09,DUVAL,,200000,SEXUAL BATTERY UNSPECIFIED
274,274,20899,2,1988-01-24,1988-03-11,DUVAL,8801274.0,10300,BURGUNOCCSTRUC/CV OR ATT.
275,275,20899,3,1988-01-24,1988-03-11,DUVAL,8801274.0,10300,"GRAND THEFT,$300 LESS &20,000"
276,276,20954,1,1977-05-17,1977-05-17,ORANGE,,20000,"GRAND THEFT,$300 LESS &20,000"
277,277,20960,2,1967-07-25,1968-04-04,LAKE,,110700,ROBBERY-BUSINESS-GUN
278,278,20983,1,1981-12-30,1982-04-08,MANATEE,8200154.0,200000,ROBB. GUN OR DEADLY WPN
279,279,20983,2,1981-12-30,1982-04-08,MANATEE,8200154.0,50000,AGG ASSLT-W/WPN NO INTENT TO K
280,280,20983,3,1981-12-24,1982-12-01,SEMINOLE,8102166.0,50000,BURGUNOCCSTRUC/CV OR ATT.
281,281,20983,4,1993-07-03,1994-01-18,CITRUS,9300616.0,40600,BURG/DWELL/OCCUP.CONVEY
282,282,20983,5,1993-07-03,1994-01-18,CITRUS,9300616.0,40600,"GRAND THEFT,$300 LESS &20,000"
283,283,20983,6,1993-07-30,1994-01-18,CITRUS,9300616.0,40600,BURG/DWELL/OCCUP.CONVEY
284,284,20983,7,1993-07-30,1994-01-18,CITRUS,9300616.0,40600,"GRAND THEFT,$300 LESS &20,000"
285,285,20983,8,2002-09-11,2003-09-29,LAKE,202215.0,80000,SEX BAT BY ADULT/VCTM LT 12
286,286,20983,9,2002-09-11,2003-09-29,LAKE,202215.0,80000,L/L MOLEST V<12 OFF 18+
287,287,20983,10,2003-01-24,2003-09-29,LAKE,300504.0,50000,INTIMIDATE/FORCE WITNESS
288,288,20985,1,1971-11-02,1971-11-02,DUVAL,,150000,ROBB. GUN OR DEADLY WPN
289,289,20985,2,1986-01-23,1986-06-30,MARION,8600201.0,20600,CARRYING CONCEALED FIREARM
290,290,20985,3,1986-01-23,1986-06-30,MARION,8600201.0,20600,GRAND THEFT FIREARM
291,291,20985,4,1986-01-23,1986-06-30,MARION,8600254.0,20600,POSS.FIREARM BY FELON
292,292,20985,5,1987-12-30,1988-03-04,MARION,8702846.0,10600,CARRYING CONCEALED FIREARM
293,293,20985,6,1988-03-09,1988-09-26,MARION,8801212.0,30000,FAILURE TO APPEAR
294,294,20985,8,1977-09-17,1972-01-11,DUVAL,,150000,ROBBERY-STREET-GUN
295,295,21115,8,1978-11-14,1978-11-14,INTERSTATE,,100700,SEX ASSLT-OTHER/OTHER STATE
296,296,21127,8,1967-05-03,1968-03-10,DUVAL,,110000,SEX ASSLT-OTHER/OTHER STATE
297,297,21128,5,1967-06-15,1977-09-30,DUVAL,,80000,RAPE - GUN
298,298,21174,1,1970-05-05,1970-10-23,DUVAL,,50000,BURGUNOCCSTRUC/CV OR ATT.
299,299,21174,2,1970-07-09,1970-11-25,ALACHUA,,50000,LARCENY/GRAND THEFT
300,300,21174,3,1973-06-16,1973-08-28,DUVAL,,50000,AGGRAVATED BATTERY
301,301,21174,4,1977-12-19,1978-08-10,DUVAL,,350000,ROBB. GUN OR DEADLY WPN
302,302,21174,25,1973-06-19,1976-05-28,DUVAL,,50000,ROBBERY-OTHER/OTHER STATE
303,303,21635,1,1980-07-27,1980-11-24,HILLSBOROUGH,,200000,ROBB. GUN OR DEADLY WPN
304,304,21635,5,1971-10-04,1977-06-10,UNKNOWN,,50700,ROBBERY-BUSINESS-GUN
305,305,21641,1,1977-12-20,1977-12-20,PINELLAS,,20000,"GRAND THEFT,$300 LESS &20,000"
306,306,21641,2,1979-05-26,1979-10-29,PINELLAS,,100000,ROBB. NO GUN/DDLY.WPN
307,307,21641,3,1983-08-10,1983-11-01,PASCO,8301323.0,10001,TRANSMIT CONTRABAND-PRISON
308,308,21740,1,1967-11-29,1968-03-29,BROWARD,6800115.0,990000,SEXUAL BATTERY UNSPECIFIED
309,309,21740,2,1967-11-29,1968-05-20,BROWARD,6722803.0,100000,KIDNAP;COMM.OR FAC.FELONY
310,310,21740,3,1972-09-30,1972-12-07,BRADFORD,7202426.0,20000,INTRODUCE WEAPON/FIREARM
311,311,21740,4,1984-08-15,1985-07-24,BROWARD,8409156.0,40000,BURG/DWELL/OCCUP.CONVEY
312,312,21740,5,1987-08-17,1988-01-19,BROWARD,8713771.0,30600,COCAINE-POSSESS
313,313,21740,6,1987-09-22,1988-01-19,BROWARD,8716007.0,30600,COCAINE-POSSESS
314,314,21740,7,1987-11-06,1988-01-19,BROWARD,8718852.0,30600,COCAINE-POSSESS
315,315,21740,9,1967-10-30,1968-03-22,BROWARD,,120800,SEX BAT BY ADULT/VCTM LT 12
316,316,21868,8,1972-03-21,1977-07-05,PALM BEACH,,61000,ROBBERY-BUSINESS-GUN
317,317,21875,3,1973-08-20,1973-12-06,BROWARD,,60500,ROBBERY-BUSINESS-GUN
318,318,22103,3,1968-03-03,1974-11-26,HENDRY,6800632.0,9999998,HOMICIDE-WILLFUL KILL-FMLY-GUN
319,319,22323,1,1968-04-05,1968-10-24,PINELLAS,,70000,ROBBERY
320,320,22323,2,1973-07-07,1976-02-18,PINELLAS,,200000,ROBB. GUN OR DEADLY WPN
321,321,22333,1,1977-09-28,1978-04-06,SAINT LUCIE,,250000,ROBB. GUN OR DEADLY WPN
322,322,22333,2,1984-10-09,1985-08-15,POLK,8404318.0,120000,ESCAPE
323,323,22333,3,1992-12-09,1993-12-22,PALM BEACH,9215115.0,270000,"2ND DEG.MURD,DANGEROUS ACT"
324,324,22333,5,1968-07-13,1973-12-21,TAYLOR,,80000,ROBBERY-BUSINESS-GUN
325,325,22370,1,1968-06-17,1968-10-21,LEE,,30000,BURGUNOCCSTRUC/CV OR ATT.
326,326,22370,2,1971-05-11,1971-06-07,LEE,,50000,BURGUNOCCSTRUC/CV OR ATT.
327,327,22370,3,1972-03-25,1972-06-19,PALM BEACH,,30000,BURGUNOCCSTRUC/CV OR ATT.
328,328,22370,4,1976-07-21,1977-01-24,LEE,,180000,POSS.FIREARM BY FELON
329,329,22370,5,1977-04-05,1977-07-08,LEE,,100000,ESCAPE
330,330,22383,1,1968-10-30,1968-10-30,ALACHUA,,200000,AGG ASSLT-INTENT COMMIT FELONY
331,331,22383,2,1993-08-08,1994-09-27,ALACHUA,9303029.0,30000,AGG ASSLT-W/WPN NO INTENT TO K
332,332,22383,3,1989-07-19,1994-09-27,ALACHUA,8903537.0,50000,MARIJUANA-SALE/PURCHASE
333,333,22383,4,1989-07-24,1994-09-27,ALACHUA,8903537.0,50000,MARIJUANA-SALE/PURCHASE
334,334,22383,7,1968-10-01,1979-05-08,ALACHUA,,180700,AGG ASSLT-INTENT COMMIT FELONY
335,335,22667,1,1968-05-10,1968-12-09,POLK,6846758.0,200000,ROBB. GUN OR DEADLY WPN
336,336,22667,2,1968-05-10,1968-12-09,POLK,5346758.0,200000,ROBB. GUN OR DEADLY WPN
337,337,22667,3,1968-05-26,1968-12-09,POLK,5347213.0,400000,ROBB. GUN OR DEADLY WPN
338,338,22667,4,1968-05-26,1968-12-09,POLK,5347213.0,200000,AGG ASSLT-INTENT COMMIT FELONY
339,339,22667,5,1972-02-08,1972-02-23,POLK,7202988.0,50000,EXTORTION
340,340,22762,5,1967-06-29,1973-11-06,SUMTER,6801546.0,200000,RAPE - STRONGARM
341,341,22939,1,1982-03-13,1982-09-20,MONROE,8200461.0,100000,ROBB. GUN OR DEADLY WPN
342,342,23009,1,1975-02-24,1975-06-24,SEMINOLE,,300000,ROBB. GUN OR DEADLY WPN
343,343,23009,2,1987-03-18,1989-10-26,BREVARD,8701343.0,10001,"CONTRABAND, CO DETENTN FAC"
344,344,23009,3,1993-10-05,1993-12-14,SEMINOLE,9303339.0,50000,BURGUNOCCSTRUC/CV OR ATT.
345,345,23009,4,1993-10-05,1993-12-14,SEMINOLE,9303339.0,50000,BURGLARY TOOLS-POSSESS
346,346,23009,5,1993-10-23,1994-05-02,SEMINOLE,9303586.0,50000,BURGUNOCCSTRUC/CV OR ATT.
347,347,23009,6,2003-10-06,2004-05-18,SEMINOLE,303788.0,10600,BURGLARY TOOLS-POSSESS
348,348,23009,7,2003-10-06,2004-05-18,SEMINOLE,303788.0,10600,BURGUNOCCSTRUC/CV OR ATT.
349,349,23009,8,2008-02-19,2008-04-15,SEMINOLE,800924.0,10500,BURGUNOCCSTRUC/CV OR ATT.
350,350,23009,9,2007-03-26,2008-04-15,SEMINOLE,800925.0,10500,BURGUNOCCSTRUC/CV OR ATT.
351,351,23116,4,1977-04-09,1977-11-10,MIAMI-DADE,,20700,SEX ASSLT-OTHER/OTHER STATE
352,352,23206,5,1968-11-14,1969-02-24,PINELLAS,,100500,HOMICIDE-WILLFUL KILL-GUN
353,353,23356,5,1975-03-05,1975-04-16,PINELLAS,,50000,BURGL-FORCED ENTRY-RESIDENCE
354,354,23793,1,1973-04-15,1973-09-14,PINELLAS,,250000,SEXUAL BATTERY UNSPECIFIED
355,355,23818,6,1969-02-07,1969-04-28,SARASOTA,,100500,ROBBERY-BUSINESS-GUN
356,356,23955,5,1974-09-26,1975-03-21,CHARLOTTE,,30800,WEAPON OFFENSE-OTHER
357,357,23969,1,1976-05-07,1976-11-15,VOLUSIA,,200000,SEXUAL BATTERY UNSPECIFIED
358,358,24007,1,1978-09-27,1979-04-30,DUVAL,,200000,ROBB. GUN OR DEADLY WPN
359,359,24024,3,1969-02-05,1969-05-22,BAY,,100100,RAPE - STRONGARM
360,360,24076,6,1968-12-19,1969-06-10,HILLSBOROUGH,,10100,HOMICIDE-WLFL KILL-NONFMLY-GUN
361,361,24239,1,1971-10-26,1972-09-27,BREVARD,,100000,BURG/DWELL/OCCUP.CONVEY
362,362,24239,2,1975-01-01,1975-01-27,LEE,,50000,BURGUNOCCSTRUC/CV OR ATT.
363,363,24239,3,1980-02-06,1980-04-10,BREVARD,,20600,GRAND THEFT MOTOR VEHICLE
364,364,24239,4,1984-08-12,1985-02-07,BREVARD,8402662.0,50000,"BURGLARY,ARMED W/EXP. OR WEAPO"
365,365,24239,5,1987-03-17,1988-03-15,BREVARD,8701141.0,90000,BURG/DWELL/OCCUP.CONVEY
366,366,24258,1,1978-07-08,1979-03-01,ESCAMBIA,7802084.0,100000,BURG/DWELL/OCCUP.CONVEY
367,367,24258,2,1978-07-09,1979-03-01,ESCAMBIA,7802084.0,100000,BURG/DWELL/OCCUP.CONVEY
368,368,24258,3,1978-07-22,1979-03-01,ESCAMBIA,7802084.0,50000,BURG/DWELL/OCCUP.CONVEY
369,369,24258,4,1978-07-24,1979-03-01,ESCAMBIA,7802084.0,100000,BURG/DWELL/OCCUP.CONVEY
370,370,24258,5,1978-07-29,1979-03-01,ESCAMBIA,7802084.0,100000,BURG/DWELL/OCCUP.CONVEY
371,371,24258,6,1986-04-24,1986-06-12,ESCAMBIA,8602173.0,50000,BURG/DWELL/OCCUP.CONVEY
372,372,24258,7,1986-05-20,1986-06-12,ESCAMBIA,8602655.0,50000,BURG/DWELL/OCCUP.CONVEY
373,373,24258,17,1969-03-01,1973-04-17,ESCAMBIA,,100000,RAPE - GUN
374,374,24261,1,1968-03-29,1969-06-20,BROWARD,,60000,ROBBERY
375,375,24295,6,1969-01-03,1969-06-30,BREVARD,,100800,RAPE - GUN
376,376,24300,1,1972-01-26,1972-08-30,PALM BEACH,,150000,ROBB. GUN OR DEADLY WPN
377,377,24300,2,1976-08-16,1976-11-08,POLK,,20000,ESCAPE
378,378,24300,3,1982-03-14,1984-08-07,MIAMI-DADE,8206834.0,50000,BURGLARY ASSAULT ANY PERSON
379,379,24300,4,1982-03-14,1984-08-07,MIAMI-DADE,8206835.0,50000,BURGUNOCCSTRUC/CV OR ATT.
380,380,24300,5,1983-10-05,1984-08-21,PALM BEACH,8306016.0,50600,BURG/DWELL/OCCUP.CONVEY
381,381,24300,6,1983-10-05,1984-08-21,PALM BEACH,8306016.0,50000,GRAND THEFT MOTOR VEHICLE
382,382,24300,7,1983-10-04,1984-08-21,PALM BEACH,8306661.0,50000,UTTERING FORGERY
383,383,24300,8,1983-11-09,1984-08-21,PALM BEACH,8306736.0,50000,CONSTRUCTIVE POSSESSION
384,384,24300,9,1986-05-07,1986-11-03,MIAMI-DADE,8614437.0,10001,ESCAPE
385,385,24300,12,1979-12-18,1979-12-18,PALM BEACH,,70000,ROBBERY-OTHER/OTHER STATE
386,386,24329,1,1969-02-27,1969-06-23,DUVAL,6901001.0,20000,BURGUNOCCSTRUC/CV OR ATT.
387,387,24329,2,1970-02-24,1970-07-08,DUVAL,7000770.0,50000,ROBB. GUN OR DEADLY WPN
388,388,24329,3,1970-10-25,1972-02-14,PUTNAM,7201258.0,30000,ESCAPE
389,389,24329,4,1970-02-19,1972-02-14,PUTNAM,7201383.0,10000,AGG ASSLT-W/WPN NO INTENT TO K
390,390,24329,7,1970-02-25,1975-08-01,PUTNAM,,30000,ESCAPE
391,391,24366,1,1969-07-10,1969-07-10,PINELLAS,,200000,ROBB. GUN OR DEADLY WPN
392,392,24382,1,1972-05-04,1972-10-26,BROWARD,7215041.0,20000,AGG ASSLT-INTENT COMMIT FELONY
393,393,24382,4,1975-03-11,1976-01-30,BROWARD,,31000,AGGRAV ASSLT-NONFAMILY-GUN
394,394,24442,6,1968-08-08,1969-07-02,DUVAL,,110600,HOMICIDE-OTHER/OTHER STATE
395,395,24651,1,1981-02-04,1981-09-11,ORANGE,,40000,DISCHARGE DESTRUC.DEVICE
396,396,24651,2,1983-12-31,1985-11-13,ORANGE,8400797.0,40600,GRAND THEFT MOTOR VEHICLE
397,397,24651,3,1985-04-07,1985-12-05,ORANGE,8501974.0,300000,SEX BAT/INJURY NOT LIKELY
398,398,24729,1,1973-01-12,1973-01-12,MARION,,140000,BURGUNOCCSTRUC/CV OR ATT.
399,399,24729,2,1981-05-13,1982-01-13,VOLUSIA,,20000,BATT.LEO/FIRFGT/EMS/ETC.
400,400,24729,4,1972-12-21,1973-01-12,MARION,,60900,BURGL-FORCED ENTRY-NONRESIDENC
401,401,24779,1,1973-03-20,1973-07-16,ESCAMBIA,,100000,BURG/DWELL/OCCUP.CONVEY
402,402,24779,2,1974-03-04,1974-05-13,OKALOOSA,,150000,ESCAPE
403,403,24829,5,1969-05-15,1972-05-16,COLLIER,,100000,AGGRAV ASSLT-NONFAMILY-GUN
404,404,24836,1,1982-03-11,1982-12-21,BROWARD,8202796.0,450000,ROBB. GUN OR DEADLY WPN
405,405,25034,5,1968-12-07,1977-06-01,MIAMI-DADE,,150000,ASSAULT-OTHER
406,406,25095,10,1974-02-02,1977-10-25,PINELLAS,,30600,BURGL-OTHER/OTHER STATE
407,407,25209,1,1978-06-12,1978-10-06,OKALOOSA,7800406.0,9999998,"2ND DEG.MURD,DANGEROUS ACT"
408,408,25209,3,1969-05-03,1972-01-18,OKALOOSA,,120000,HOMICIDE-WLFL KILL-NONFMLY-GUN
409,409,25262,1,1985-06-01,1988-10-13,SARASOTA,8603647.0,90000,SEX BAT BY ADULT/VCTM LT 12
410,410,25262,2,1985-06-01,1999-05-11,SARASOTA,8603647.0,110300,SEX BAT BY ADULT/VCTM LT 12
411,411,25262,3,1985-07-01,1999-05-11,SARASOTA,8603647.0,110300,SEX BAT BY ADULT/VCTM LT 12
412,412,25262,4,1997-09-01,1999-05-11,SARASOTA,9804527.0,110300,SEX BAT/INJURY NOT LIKELY
413,413,25331,4,1975-01-19,1975-05-02,COLUMBIA,,50000,ROBB. WPN-NOT DEADLY
414,414,25438,1,1973-12-03,1973-12-03,HENDRY,,100000,ROBB. NO GUN/DDLY.WPN
415,415,25504,8,1969-01-24,1974-01-22,MIAMI-DADE,,150000,AGGRAV ASSLT-NONFAMILY-GUN
416,416,25609,5,1982-07-13,1982-07-13,INTERSTATE,,70000,ROBBERY
417,417,25664,3,1974-06-21,1974-10-11,SARASOTA,,70000,ROBB. GUN OR DEADLY WPN
418,418,25813,1,1979-08-22,1979-09-06,MIAMI-DADE,,30000,BURG/DWELL/OCCUP.CONVEY
419,419,25813,2,1985-11-18,1986-05-29,MIAMI-DADE,8529790.0,50000,"GRAND THEFT,$300 LESS &20,000"
420,420,25813,3,1985-11-18,1986-05-29,MIAMI-DADE,8529790.0,100000,POSS.FIREARM BY FELON
421,421,25813,4,1985-12-23,1986-05-29,MIAMI-DADE,8532839.0,50000,"GRAND THEFT,$300 LESS &20,000"
422,422,25813,5,1986-07-01,1987-03-23,MIAMI-DADE,8623846.0,100000,BURG/DWELL/OCCUP.CONVEY
423,423,25813,6,1986-07-01,1987-03-23,MIAMI-DADE,8623846.0,50000,"GRAND THEFT,$300 LESS &20,000"
424,424,25813,7,1993-03-22,1993-06-18,MIAMI-DADE,9309246.0,120000,BURG/DWELL/OCCUP.CONVEY
425,425,25813,8,1993-03-22,1993-06-18,MIAMI-DADE,9309246.0,50000,"GRAND THEFT,$300 LESS &20,000"
426,426,25813,9,1993-03-22,1993-06-18,MIAMI-DADE,9309254.0,120000,BURG/DWELL/OCCUP.CONVEY
427,427,25813,10,1992-10-15,1993-06-18,MIAMI-DADE,9236606.0,120000,BURG/DWELL/OCCUP.CONVEY
428,428,25813,11,1992-10-22,1993-06-18,MIAMI-DADE,9236606.0,50000,BURG/DWELL/OCCUP.CONVEY
429,429,25813,12,1992-10-15,1993-06-18,MIAMI-DADE,9236606.0,50000,"GRAND THEFT,$300 LESS &20,000"
430,430,25813,13,1992-10-22,1993-06-18,MIAMI-DADE,9236606.0,50000,"GRAND THEFT,$300 LESS &20,000"
431,431,25813,14,1992-10-23,1993-06-18,MIAMI-DADE,9236606.0,50000,TRAFFIC IN STOLEN PROPERTY
432,432,25813,15,1998-12-04,2001-04-20,MIAMI-DADE,9920343.0,10900,BURG/DWELL/OCCUP.CONVEY
433,433,25813,16,1998-12-04,2001-04-20,MIAMI-DADE,9920343.0,10900,"GRAND THEFT,300 L/5,000"
434,434,25813,17,1998-12-21,2001-04-20,MIAMI-DADE,9930344.0,10900,BURG/DWELL/OCCUP.CONVEY
435,435,25813,18,1998-12-21,2001-04-20,MIAMI-DADE,9920344.0,10900,"GRAND THEFT,300 L/5,000"
436,436,25813,19,1999-01-12,2001-04-20,MIAMI-DADE,9920346.0,10900,BURG/DWELL/OCCUP.CONVEY
437,437,25813,20,1999-01-12,2001-04-20,MIAMI-DADE,9920346.0,10900,"GRAND THEFT O/20,000 L/$100,00"
438,438,25813,21,1999-01-22,2001-04-20,MIAMI-DADE,9920348.0,10900,BURG/DWELL/OCCUP.CONVEY
439,439,25813,22,1999-01-22,2001-04-20,MIAMI-DADE,9920348.0,10900,GRAND THEFT $5KL/$10K
440,440,25813,23,1999-03-29,2001-04-20,MIAMI-DADE,9920356.0,10900,BURG/DWELL/OCCUP.CONVEY
441,441,25813,24,1999-03-29,2001-04-20,MIAMI-DADE,9920356.0,10900,"GRAND THEFT,300 L/5,000"
442,442,25813,25,1999-03-29,2001-04-20,MIAMI-DADE,9920358.0,10900,BURG/DWELL/OCCUP.CONVEY
443,443,25813,26,1999-03-29,2001-04-20,MIAMI-DADE,9920358.0,10900,GRAND THEFT $5KL/$10K
444,444,25813,27,1999-04-28,2001-04-20,MIAMI-DADE,9920359.0,10900,BURG/DWELL/OCCUP.CONVEY
445,445,25813,28,1999-04-28,2001-04-20,MIAMI-DADE,9920359.0,10900,"GRAND THEFT,300 L/5,000"
446,446,25813,29,1999-04-30,2001-04-20,MIAMI-DADE,9920361.0,10900,BURG/DWELL/OCCUP.CONVEY
447,447,25813,30,1999-04-30,2001-04-20,MIAMI-DADE,9920361.0,10900,GRAND THEFT $10K L/$20K
448,448,25813,31,1999-05-03,2001-04-20,MIAMI-DADE,9920363.0,10900,BURG/DWELL/OCCUP.CONVEY
449,449,25813,32,1999-05-03,2001-04-20,MIAMI-DADE,9920363.0,10900,"GRAND THEFT,300 L/5,000"
450,450,25813,33,1999-05-13,2001-04-20,MIAMI-DADE,9920366.0,10900,"BURGLARY,ARMED W/EXP. OR WEAPO"
451,451,25813,34,1999-05-13,2001-04-20,MIAMI-DADE,9920366.0,10900,"GRAND THEFT,300 L/5,000"
452,452,25813,35,1999-05-13,2001-04-20,MIAMI-DADE,9920366.0,10900,GRAND THEFT FIREARM
453,453,25813,36,1999-05-14,2001-04-20,MIAMI-DADE,9920368.0,10900,BURG/DWELL/OCCUP.CONVEY
454,454,25813,37,1999-05-14,2001-04-20,MIAMI-DADE,9920368.0,10900,"GRAND THEFT,300 L/5,000"
455,455,25813,38,1999-06-02,2001-04-20,MIAMI-DADE,9920375.0,10900,BURG/DWELL/OCCUP.CONVEY
456,456,25813,39,1999-06-02,2001-04-20,MIAMI-DADE,9920375.0,10900,GRAND THEFT $10K L/$20K
457,457,25813,40,1999-06-08,2001-04-20,MIAMI-DADE,9920377.0,10900,BURG/DWELL/OCCUP.CONVEY
458,458,25813,41,1999-06-08,2001-04-20,MIAMI-DADE,9920377.0,10900,GRAND THEFT $10K L/$20K
459,459,25813,42,1999-06-11,2001-04-20,MIAMI-DADE,9920378.0,10900,"BURGLARY,ARMED W/EXP. OR WEAPO"
460,460,25813,43,1999-06-11,2001-04-20,MIAMI-DADE,9920378.0,10900,GRAND THEFT $5KL/$10K
461,461,25813,44,1999-06-11,2001-04-20,MIAMI-DADE,9920378.0,10900,GRAND THEFT FIREARM
462,462,25813,45,1999-06-11,2001-04-20,MIAMI-DADE,9920379.0,10900,BURG/DWELL/OCCUP.CONVEY
463,463,25813,46,1999-06-11,2001-04-20,MIAMI-DADE,9920379.0,10900,GR. THEFT $100-300 DWELLING
464,464,25941,1,1968-05-24,1970-02-02,MIAMI-DADE,6803119.0,70000,ROBB. GUN OR DEADLY WPN
465,465,25941,2,1968-05-21,1970-02-02,MIAMI-DADE,6803122.0,70000,ROBB. GUN OR DEADLY WPN
466,466,25941,3,1972-09-04,1973-01-24,MIAMI-DADE,7507578.0,150000,ROBB. GUN OR DEADLY WPN
467,467,25941,4,1972-09-04,1973-01-24,MIAMI-DADE,7207578.0,150000,AGG ASSLT-INTENT COMMIT FELONY
468,468,25941,5,1972-09-04,1973-01-24,MIAMI-DADE,7207578.0,50000,POSS.FIREARM BY FELON
469,469,26067,2,1969-07-04,1970-02-12,HILLSBOROUGH,,90100,RAPE WITH OTHER WEAPON
470,470,26170,4,1969-06-09,1969-11-17,LEON,,9999998,1ST DG MUR/PREMED. OR ATT.
471,471,26223,1,1973-04-09,1973-04-09,SAINT LUCIE,,50000,CONSTRUCTIVE POSSESSION
472,472,26223,2,1976-07-18,1976-07-18,SAINT LUCIE,,50000,"GRAND THEFT,$300 LESS &20,000"
473,473,26223,3,1982-05-05,1983-04-08,SAINT LUCIE,8200674.0,20000,HEROIN-SALE OR PURCHASE
474,474,26223,4,1984-06-23,1986-03-07,HILLSBOROUGH,8407322.0,20600,"GRAND THEFT,$300 LESS &20,000"
475,475,26223,5,1985-06-23,1986-04-11,INDIAN RIVER,8500479.0,30600,"GRAND THEFT,$300 LESS &20,000"
476,476,26223,6,1986-01-07,1986-04-11,INDIAN RIVER,8600028.0,30600,"GRAND THEFT,$300 LESS &20,000"
477,477,26223,7,1988-02-09,1988-07-14,INDIAN RIVER,8800201.0,70000,COCAINE-SALE OR PURCHASE
478,478,26223,8,1991-02-05,1991-05-17,INDIAN RIVER,9100161.0,90000,COCAINE-SALE OR PURCHASE
479,479,26223,9,1991-02-05,1992-09-24,INDIAN RIVER,9100161.0,120000,COCAINE-SALE OR PURCHASE
480,480,26223,12,1972-12-30,1977-12-08,INDIAN RIVER,,20500,HEROIN-SMUGGLE
481,481,26396,8,1980-03-25,1980-03-25,INTERSTATE,,70000,ESCAPE
482,482,26434,1,1969-03-11,1969-03-11,MANATEE,,70300,BURGUNOCCSTRUC/CV OR ATT.
483,483,26434,2,1972-06-12,1972-06-12,MANATEE,,50000,BURGUNOCCSTRUC/CV OR ATT.
484,484,26434,3,1976-11-23,1974-09-27,HENDRY,,50000,STOLEN PROPERTY
485,485,26434,4,1981-08-20,1983-03-31,MANATEE,8100896.0,300000,ROBB. GUN OR DEADLY WPN
486,486,26434,9,1974-04-07,1974-09-27,LEE,,40700,ESCAPE
487,487,26473,1,1982-09-17,1983-03-15,LEE,8201228.0,50000,TRAFFIC IN STOLEN PROPERTY
488,488,26473,2,1983-04-09,1983-06-10,LEE,8300439.0,30000,AGG BATTERY/W/DEADLY WEAPON
489,489,26473,3,1988-09-01,1988-12-13,SARASOTA,8802681.0,30600,GAMBLING-OTHER
490,490,26473,4,1989-11-08,1990-01-08,HILLSBOROUGH,8918388.0,50000,PRESENTS CONTERFEIT LOTTERY TI
491,491,26473,5,1991-08-15,1991-09-10,HILLSBOROUGH,9111506.0,50000,BURGUNOCCSTRUC/CV OR ATT.
492,492,26473,6,1991-08-15,1991-09-10,HILLSBOROUGH,9111506.0,20000,UTTERING FORGERY
493,493,26473,7,1994-10-24,1995-01-30,HILLSBOROUGH,9414415.0,30500,ROBB. NO GUN/DDLY.WPN
494,494,26473,8,1994-11-09,1995-01-30,HILLSBOROUGH,9414415.0,30500,ROBB. NO GUN/DDLY.WPN
495,495,26473,9,1994-11-04,1995-01-30,HILLSBOROUGH,9414832.0,30500,ROBB. NO GUN/DDLY.WPN
496,496,26473,11,1969-12-02,1970-04-16,LEE,,70600,ROBBERY-STREET-OTHER WEAPON
497,497,26536,4,1969-10-15,1977-03-01,LEE,,200000,HOMICIDE-WLFL KILL-NONFMLY-GUN
498,498,26564,1,1981-07-09,1982-03-26,PASCO,,150000,"ARSON,WILLFUL DAMA.STRUCT."
499,499,26564,2,1991-12-06,1992-08-11,ORANGE,9112960.0,30000,COCAINE-SALE OR PURCHASE
500,500,26655,1,1983-11-16,1984-06-06,PINELLAS,8401132.0,30000,HALLUCINOGEN-OTHER-NON MARIJ
501,501,26655,2,1983-11-16,1984-06-06,PINELLAS,8401132.0,10000,DANGEROUS DRUGS-OTHER
502,502,26655,3,1983-11-28,1984-06-06,PINELLAS,8401133.0,30000,HALLUCINOGEN-OTHER-NON MARIJ
503,503,26655,4,1983-11-28,1984-06-06,PINELLAS,8401133.0,10000,DANGEROUS DRUGS-OTHER
504,504,26655,5,1986-05-14,1987-10-07,PINELLAS,8606085.0,170000,BURGLARY ASSAULT ANY PERSON
505,505,26655,6,1986-05-14,1987-10-07,PINELLAS,8606085.0,150000,SEX BAT/INJURY NOT LIKELY
506,506,26655,7,1986-05-14,1987-10-07,PINELLAS,8606085.0,170000,KIDNAP;COMM.OR FAC.FELONY
507,507,26655,8,1995-05-12,1996-03-22,PINELLAS,9507902.0,100000,BURG/DWELL/OCCUP.CONVEY
508,508,26655,9,1995-05-12,1996-03-22,PINELLAS,9507902.0,100000,TRAFFIC IN STOLEN PROPERTY
509,509,26655,10,2005-07-01,2006-02-28,DUVAL,601115.0,10427,FAIL REGISTER-CAREER CRIM.
510,510,26655,11,2008-02-23,2010-01-29,PINELLAS,804079.0,40000,COCAINE - POSSESSION
511,511,26655,12,2007-10-04,2010-01-29,PINELLAS,804354.0,40000,FAIL REGISTER-CAREER CRIM.
512,512,26655,13,2009-05-01,2010-01-29,PINELLAS,917895.0,20000,FAIL.TO APPEAR/FEL.BAIL
513,513,26659,1,1983-01-29,1985-07-12,PINELLAS,8300912.0,30600,BURGUNOCCSTRUC/CV OR ATT.
514,514,26659,2,1983-01-29,1985-07-12,PINELLAS,8300912.0,30600,BURGLARY TOOLS-POSSESS
515,515,26659,6,1970-02-04,1975-10-01,PINELLAS,,100000,ROBBERY
516,516,26659,7,1983-01-29,1983-07-06,PINELLAS,8300912.0,90,BURGLARY TOOLS-POSSESS
517,517,26659,8,1983-01-29,1983-07-06,PINELLAS,8309158.0,900,BURGUNOCCSTRUC/CV OR ATT.
518,518,26733,1,1970-02-08,1970-05-05,ESCAMBIA,,100000,ROBB. GUN OR DEADLY WPN
519,519,26733,5,1970-02-15,1973-08-14,ESCAMBIA,,100000,ROBBERY-BUSINESS-GUN
520,520,26767,1,1976-09-11,1990-01-12,DUVAL,7601854.0,20600,SEX BAT/COERCES BY THREAT
521,521,26767,2,1989-12-01,1990-01-12,DUVAL,8915015.0,20600,COCAINE-SALE OR PURCHASE
522,522,26767,10,1979-06-21,1979-06-22,INTERSTATE,,600,SEX ASSLT-OTHER/OTHER STATE
523,523,26906,2,1976-07-29,1976-12-17,GADSDEN,0.0,10000,SEX BATT/CARNAL INTERC. U/18
524,524,26912,1,1988-08-10,1988-11-28,BROWARD,8815393.0,10001,BURGUNOCCSTRUC/CV OR ATT.
525,525,26912,4,1970-02-07,1974-11-27,BROWARD,,41000,BURGL-FORCED ENTRY-NONRESIDENC
526,526,26985,1,1984-03-16,1985-06-25,POLK,8401028.0,50000,GRAND THEFT MOTOR VEHICLE
527,527,26985,2,1984-12-02,1985-06-25,POLK,8404198.0,200000,ROBB. GUN OR DEADLY WPN
528,528,26985,3,1984-12-02,1985-06-25,POLK,8404199.0,200000,ROBB. GUN OR DEADLY WPN
529,529,26985,5,1974-03-14,1977-07-26,VOLUSIA,,20400,GRAND THEFT MOTOR VEHICLE
530,530,27050,1,1970-02-22,1970-06-16,BROWARD,,900000,SEXUAL BATTERY UNSPECIFIED
531,531,27050,5,1970-02-22,1970-06-16,BROWARD,,81000,RAPE - GUN
532,532,27084,1,1974-11-04,1975-03-24,SAINT LUCIE,,50000,BURG/DWELL/OCCUP.CONVEY
533,533,27084,2,1978-09-04,1978-12-26,SAINT LUCIE,,50000,BURGUNOCCSTRUC/CV OR ATT.
534,534,27084,3,1982-05-15,1982-07-09,SAINT LUCIE,,40000,"GRAND THEFT,$300 LESS &20,000"
535,535,27084,4,1984-10-25,1985-06-10,SAINT LUCIE,8401638.0,40600,BURGUNOCCSTRUC/CV OR ATT.
536,536,27084,5,1998-01-28,1998-10-30,SAINT LUCIE,9800646.0,61021,COCAINE-SALE/MANUF/DELIV.
537,537,27084,6,1998-01-28,1998-10-30,SAINT LUCIE,9800646.0,50000,COCAINE - POSSESSION
538,538,27084,7,1998-02-06,1998-10-30,SAINT LUCIE,9800646.0,61021,COCAINE-SALE/MANUF/DELIV.
539,539,27084,8,1998-02-06,1998-10-30,SAINT LUCIE,9800646.0,50000,COCAINE - POSSESSION
540,540,27084,9,1998-02-11,1998-10-30,SAINT LUCIE,9800646.0,61021,COCAINE-SALE/MANUF/DELIV.
541,541,27084,10,1998-02-11,1998-10-30,SAINT LUCIE,9800646.0,50000,COCAINE - POSSESSION
542,542,27084,11,1998-01-23,1998-10-30,SAINT LUCIE,9800646.0,61021,COCAINE-SALE/MANUF/DELIV.
543,543,27084,12,1998-01-23,1998-10-30,SAINT LUCIE,9800646.0,50000,COCAINE - POSSESSION
544,544,27084,13,2007-06-15,2008-06-10,SAINT LUCIE,702877.0,40000,COCAINE - POSSESSION
545,545,27084,15,1981-06-02,1981-06-02,INTERSTATE,,20400,BURG/N/ASSLT/OCC.STRUCT.
546,546,27126,3,1969-10-27,1980-06-10,HILLSBOROUGH,,100000,HOMICIDE-OTHER/OTHER STATE
547,547,27183,1,1974-03-05,1975-03-03,PINELLAS,,310000,BURG/DWELL/OCCUP.CONVEY
548,548,27183,2,1988-08-03,1989-01-30,PINELLAS,8811346.0,90000,ROBB. NO GUN/DDLY.WPN
549,549,27183,3,1988-08-10,1989-01-30,PINELLAS,8811347.0,90000,ROBB. NO GUN/DDLY.WPN
550,550,27183,4,1988-08-10,1989-01-30,PINELLAS,8811347.0,50000,ROBB. NO GUN/DDLY.WPN
551,551,27183,5,1992-09-22,1995-09-15,PINELLAS,9214935.0,20600,BURG/DWELL/OCCUP.CONVEY
552,552,27183,6,1994-03-23,1995-09-15,PINELLAS,9404480.0,20600,"GRAND THEFT,300 L/5,000"
553,553,27183,7,1995-04-27,1995-09-15,PINELLAS,9507028.0,20600,COCAINE - POSSESSION
554,554,27195,4,1969-06-12,1970-07-02,POLK,,100000,HOMICIDE-WLFL KILL-NONFMLY-GUN
555,555,27367,1,1975-02-16,1975-07-18,SARASOTA,,150000,ROBB. GUN OR DEADLY WPN
556,556,27367,2,1980-07-22,1981-10-23,LEE,,250000,"2ND DEG.MURD,DANGEROUS ACT"
557,557,27367,6,1970-04-20,1970-07-17,COLLIER,,10300,GRAND THEFT MOTOR VEHICLE
558,558,27375,3,1969-12-16,1976-10-26,BROWARD,,9999998,ROBBERY-BUSINESS-GUN
559,559,27412,1,1984-11-16,1985-05-23,OSCEOLA,8400667.0,20600,AGG BATTERY INTENDED HARM
560,560,27412,2,1991-03-01,1996-12-30,OSCEOLA,9101363.0,20000,SEX BAT BY ADULT/VCTM LT 12
561,561,27412,3,1991-03-01,1996-12-30,OSCEOLA,9101363.0,20000,SEX BAT BY ADULT/VCTM LT 12
562,562,27412,6,1974-09-13,1976-07-30,GILCHRIST,,20000,SEX OFFENSE-OTHER
563,563,27469,1,1974-05-15,1974-05-15,HILLSBOROUGH,,50000,BURGUNOCCSTRUC/CV OR ATT.
564,564,27469,2,1975-05-25,1975-06-20,GADSDEN,,10000,ESCAPE
565,565,27469,3,1974-09-21,1975-04-14,LEON,,10600,ESCAPE
566,566,27469,4,1981-09-26,1982-03-15,HILLSBOROUGH,,990000,ROBB. GUN OR DEADLY WPN
567,567,27469,10,1974-03-02,1974-05-15,HILLSBOROUGH,,50200,BURGL-FORCED ENTRY-NONRESIDENC
568,568,27573,1,1970-02-11,1970-07-30,DUVAL,7002321.0,100000,AGG ASSLT-INTENT COMMIT FELONY
569,569,27573,2,1973-03-29,1973-10-29,UNION,7300037.0,50000,AGGRAVATED BATTERY
570,570,27573,7,1970-02-18,1970-07-30,DUVAL,,90600,ROBBERY-OTHER/OTHER STATE
571,571,27789,1,1983-10-12,1984-08-20,BREVARD,8302353.0,120000,KIDNAP;COMM.OR FAC.FELONY
572,572,27789,2,1983-10-12,1984-08-20,BREVARD,8302353.0,120000,AGG BATTERY/W/DEADLY WEAPON
573,573,27789,3,1983-10-12,1984-08-20,BREVARD,8302353.0,120000,SEX BAT/ WPN. OR FORCE
574,574,27789,4,1998-10-22,1999-08-31,BREVARD,9824282.0,50000,COCAINE - POSSESSION
575,575,27789,5,1998-02-14,1999-08-31,BREVARD,9602624.0,60000,FEL/DELI W/GUN/CONC WPN/AMMO
576,576,27789,6,1996-09-03,1999-08-31,BREVARD,9620870.0,50000,COCAINE - POSSESSION
577,577,27789,7,1998-10-29,1999-08-31,BREVARD,9826395.0,50000,COCAINE - POSSESSION
578,578,27842,1,1972-10-22,1973-06-26,POLK,,250000,"2ND DEG.MURD,DANGEROUS ACT"
579,579,27842,2,1985-02-25,1987-01-12,POLK,8500795.0,80000,"2ND DEG.MURD,DANGEROUS ACT"
580,580,27873,4,1969-08-14,1970-05-05,MIAMI-DADE,,100000,RAPE - STRONGARM
581,581,28047,1,1976-11-04,1976-11-04,BROWARD,,30000,BURG/DWELL/OCCUP.CONVEY
582,582,28047,2,1978-09-15,1978-09-27,BROWARD,,20000,BURGUNOCCSTRUC/CV OR ATT.
583,583,28047,3,1982-12-24,1984-03-13,BROWARD,8213495.0,20000,BURG/DWELL/OCCUP.CONVEY
584,584,28047,4,1982-12-24,1984-03-13,BROWARD,8213495.0,20000,"GRAND THEFT,$300 LESS &20,000"
585,585,28047,5,1985-09-24,1986-04-07,BROWARD,8511758.0,60000,BURG/DWELL/OCCUP.CONVEY
586,586,28047,6,1988-06-20,1988-08-17,BROWARD,8811681.0,90000,BURG/DWELL/OCCUP.CONVEY
587,587,28047,7,1988-06-16,1988-08-17,BROWARD,8812560.0,90000,BURG/DWELL/OCCUP.CONVEY
588,588,28047,8,1988-06-16,1988-08-17,BROWARD,8812560.0,50000,"GRAND THEFT,$300 LESS &20,000"
589,589,28047,9,1988-05-27,1988-09-07,BROWARD,8815005.0,90000,BURG/DWELL/OCCUP.CONVEY
590,590,28047,10,1988-05-27,1988-09-07,BROWARD,8815005.0,50000,"GRAND THEFT,$300 LESS &20,000"
591,591,28047,11,1988-06-02,1988-09-07,BROWARD,8815875.0,90000,BURG/DWELL/OCCUP.CONVEY
592,592,28047,12,1988-06-02,1988-09-07,BROWARD,8815875.0,50000,"GRAND THEFT,$300 LESS &20,000"
593,593,28047,13,1988-06-15,1988-09-07,BROWARD,8815876.0,90000,BURG/DWELL/OCCUP.CONVEY
594,594,28047,14,1988-06-15,1988-09-07,BROWARD,8815876.0,50000,"GRAND THEFT,$300 LESS &20,000"
595,595,28047,15,1988-06-16,1988-09-07,BROWARD,8815877.0,90000,BURG/DWELL/OCCUP.CONVEY
596,596,28047,16,1988-06-03,1988-09-27,BROWARD,8816588.0,90000,BURG/DWELL/OCCUP.CONVEY
597,597,28047,17,1988-06-03,1988-09-27,BROWARD,8816588.0,50000,"GRAND THEFT,$300 LESS &20,000"
598,598,28047,18,1988-06-10,1988-09-27,BROWARD,8817639.0,90000,BURG/DWELL/OCCUP.CONVEY
599,599,28047,19,1988-06-10,1988-09-27,BROWARD,8817639.0,50000,"GRAND THEFT,$300 LESS &20,000"
600,600,28047,20,1990-04-17,1990-10-19,BROWARD,9011384.0,100000,BURG/DWELL/OCCUP.CONVEY
601,601,28047,21,1990-05-27,1990-10-19,BROWARD,9012824.0,100000,BURG/DWELL/OCCUP.CONVEY
602,602,28047,22,1997-07-02,1999-01-26,BROWARD,9712995.0,130320,BURG/DWELL/OCCUP.CONVEY
603,603,28047,23,1997-07-02,1999-01-26,BROWARD,9712995.0,100000,"GRAND THEFT,300 L/5,000"
604,604,28047,29,1976-07-05,1976-11-04,BROWARD,,10300,BURGL-FORCED ENTRY-RESIDENCE
605,605,28076,1,1970-05-06,1970-10-02,ALACHUA,7008950.0,200000,ROBB. GUN OR DEADLY WPN
606,606,28076,2,1970-05-06,1970-10-02,ALACHUA,7008951.0,40000,POSS.FIREARM BY FELON
607,607,28076,3,1974-09-13,1974-10-11,OSCEOLA,7400166.0,150000,ESCAPE
608,608,28076,4,1981-06-10,1981-10-20,OSCEOLA,8100250.0,450000,ROBB. GUN OR DEADLY WPN
609,609,28076,5,1981-06-10,1981-10-20,OSCEOLA,8100250.0,150000,CARRYING CONCEALED FIREARM
610,610,28076,6,1988-09-12,1989-10-16,MARTIN,8900185.0,30000,BURG/DWELL/OCCUP.CONVEY
611,611,28334,2,1970-07-29,1973-04-27,PINELLAS,,100000,SEX ASSLT-OTHER/OTHER STATE
612,612,28424,1,1972-01-14,1972-03-10,BROWARD,,60000,ROBB. GUN OR DEADLY WPN
613,613,28424,2,1974-09-25,1975-03-12,BROWARD,,200000,ROBB. GUN OR DEADLY WPN
614,614,28424,3,1985-03-06,1985-07-26,BROWARD,8503546.0,80000,ROBB. GUN OR DEADLY WPN
615,615,28424,4,1989-07-24,1989-11-15,COLUMBIA,8900689.0,20600,COCAINE-POSSESS
616,616,28424,5,1990-06-12,1990-10-02,COLUMBIA,9000685.0,50000,BURGUNOCCSTRUC/CV OR ATT.
617,617,28424,6,1990-06-13,1990-10-02,COLUMBIA,9000685.0,50000,BURGUNOCCSTRUC/CV OR ATT.
618,618,28424,7,1990-06-19,1990-10-02,COLUMBIA,9000685.0,50000,BURG/DWELL/OCCUP.CONVEY
619,619,28424,8,1989-07-24,1990-10-02,COLUMBIA,8900689.0,20600,COCAINE-POSSESS
620,620,28424,9,1997-05-15,1997-08-28,ALACHUA,9701887.0,30400,ROBB. NO GUN/DDLY.WPN
621,621,28424,10,2001-02-01,2002-03-14,ALACHUA,101066.0,70000,BURG/DWELL/OCCUP.CONVEY
622,622,28424,11,2001-02-01,2002-03-14,ALACHUA,101066.0,70000,GRAND THEFT $5KL/$10K
623,623,28424,12,1989-07-23,2002-03-14,COLUMBIA,9000685.0,50000,BURGUNOCCSTRUC/CV OR ATT.
624,624,28424,13,1990-05-03,2002-03-14,COLUMBIA,9000685.0,50000,BURGUNOCCSTRUC/CV OR ATT.
625,625,28424,14,1990-05-15,2002-03-14,COLUMBIA,9000685.0,50000,BURGUNOCCSTRUC/CV OR ATT.
626,626,28424,15,1990-05-19,2002-03-14,COLUMBIA,9000685.0,50000,BURGUNOCCSTRUC/CV OR ATT.
627,627,28424,16,1990-06-01,2002-03-14,COLUMBIA,9000685.0,50000,BURGUNOCCSTRUC/CV OR ATT.
628,628,28424,17,1990-06-03,2002-03-14,COLUMBIA,9000685.0,50000,BURGUNOCCSTRUC/CV OR ATT.
629,629,28424,18,1990-06-05,2002-03-14,COLUMBIA,9000685.0,50000,BURGUNOCCSTRUC/CV OR ATT.
630,630,28424,19,1990-06-09,2002-03-14,COLUMBIA,9000685.0,50000,BURGUNOCCSTRUC/CV OR ATT.
631,631,28424,20,1990-06-09,2002-03-14,COLUMBIA,9000685.0,50000,BURGUNOCCSTRUC/CV OR ATT.
632,632,28424,21,1990-06-18,2002-03-14,COLUMBIA,9000685.0,50000,BURGUNOCCSTRUC/CV OR ATT.
633,633,28424,22,1990-06-20,2002-03-14,COLUMBIA,9000685.0,50000,BURGUNOCCSTRUC/CV OR ATT.
634,634,28424,23,1990-06-20,2002-03-14,COLUMBIA,9000685.0,50000,BURGUNOCCSTRUC/CV OR ATT.
635,635,28424,24,1990-06-20,2002-03-14,COLUMBIA,9000685.0,50000,BURGUNOCCSTRUC/CV OR ATT.
636,636,28424,25,1990-06-20,2002-03-14,COLUMBIA,9000685.0,50000,BURGUNOCCSTRUC/CV OR ATT.
637,637,28424,26,1990-06-20,2002-03-14,COLUMBIA,9000685.0,50000,BURGUNOCCSTRUC/CV OR ATT.
638,638,28424,27,1990-06-20,2002-03-14,COLUMBIA,9000685.0,50000,BURGUNOCCSTRUC/CV OR ATT.
639,639,28424,28,1990-06-20,2002-03-14,COLUMBIA,9000685.0,50000,BURGUNOCCSTRUC/CV OR ATT.
640,640,28424,29,1990-06-20,2002-03-14,COLUMBIA,9000685.0,50000,BURGUNOCCSTRUC/CV OR ATT.
641,641,28424,30,1990-06-20,2002-03-14,COLUMBIA,9000685.0,50000,BURGUNOCCSTRUC/CV OR ATT.
642,642,28424,31,1990-06-20,2002-03-14,COLUMBIA,9000685.0,50000,BURGUNOCCSTRUC/CV OR ATT.
643,643,28424,32,1990-06-20,2002-03-14,COLUMBIA,9000685.0,50000,BURGUNOCCSTRUC/CV OR ATT.
644,644,28424,33,1990-06-21,2002-03-14,COLUMBIA,9000685.0,50000,BURGUNOCCSTRUC/CV OR ATT.
645,645,28424,34,1990-06-23,2002-03-14,COLUMBIA,9000685.0,50000,BURGUNOCCSTRUC/CV OR ATT.
646,646,28424,35,1990-06-23,2002-03-14,COLUMBIA,9000685.0,50000,BURGUNOCCSTRUC/CV OR ATT.
647,647,28424,36,1990-06-25,2002-03-14,COLUMBIA,9000685.0,50000,BURGUNOCCSTRUC/CV OR ATT.
648,648,28424,37,1990-06-26,2002-03-14,COLUMBIA,9000685.0,50000,BURGUNOCCSTRUC/CV OR ATT.
649,649,28424,38,1990-06-26,2002-03-14,COLUMBIA,9000685.0,50000,BURGUNOCCSTRUC/CV OR ATT.
650,650,28424,39,1990-06-27,2002-03-14,COLUMBIA,9000685.0,50000,BURGUNOCCSTRUC/CV OR ATT.
651,651,28424,40,1990-06-28,2002-03-14,COLUMBIA,9000685.0,50000,BURGUNOCCSTRUC/CV OR ATT.
652,652,28424,41,1990-06-29,2002-03-14,COLUMBIA,9000685.0,50000,BURGUNOCCSTRUC/CV OR ATT.
653,653,28424,42,1990-06-30,2002-03-14,COLUMBIA,9000685.0,50000,BURGUNOCCSTRUC/CV OR ATT.
654,654,28424,43,1990-07-02,2002-03-14,COLUMBIA,9000685.0,50000,BURGUNOCCSTRUC/CV OR ATT.
655,655,28424,44,1990-07-09,2002-03-14,COLUMBIA,9000685.0,50000,BURGUNOCCSTRUC/CV OR ATT.
656,656,28424,45,2011-08-13,2017-06-23,BROWARD,1113575.0,30000,GRAND THEFT MOTOR VEHICLE
657,657,28424,46,2011-08-13,2017-06-23,BROWARD,1113575.0,30000,COCAINE - POSSESSION
658,658,28424,47,2011-08-13,2017-06-23,BROWARD,1113575.0,30000,OBSTRUCT CRIME INVESTIGATION
659,659,28424,48,2013-03-21,2017-06-23,BROWARD,1305730.0,30000,COCAINE - POSSESSION
660,660,28424,49,2016-05-03,2017-06-23,BROWARD,1605407.0,30000,BATT.LEO/FIRFGT/EMS/ETC.
661,661,28424,50,2016-05-03,2017-06-23,BROWARD,1605407.0,30000,COCAINE - POSSESSION
662,662,28426,1,1975-06-03,1976-02-05,PUTNAM,,150000,KIDNAP;COMM.OR FAC.FELONY
663,663,28426,2,1984-02-02,1984-07-20,ALACHUA,8400547.0,50000,BURGUNOCCSTRUC/CV OR ATT.
664,664,28426,3,1984-02-02,1984-07-20,ALACHUA,8400547.0,50000,"GRAND THEFT,$300 LESS &20,000"
665,665,28454,4,1970-06-16,1970-11-09,PASCO,,80400,RAPE - STRONGARM
666,666,28480,5,1975-04-01,1976-03-15,ALACHUA,,30000,POSSESS ILLEGAL WEAPON
667,667,28501,1,1970-06-13,1970-11-10,VOLUSIA,,200000,"2ND DEG.MURD,DANGEROUS ACT"
668,668,28501,3,1970-06-13,1973-11-13,VOLUSIA,,200000,HOMICIDE-WLFL KILL-NONFMLY-GUN
669,669,28541,1,1973-08-20,1974-01-30,PALM BEACH,7301824.0,40000,FORGERY/UTTERING
670,670,28541,5,1970-08-06,1976-04-30,PALM BEACH,,50800,FORGERY OF CHECKS
671,671,28607,1,1985-03-11,1985-12-16,MIAMI-DADE,8506211.0,10300,BURGUNOCCSTRUC/CV OR ATT.
672,672,28607,2,1987-10-03,1988-04-15,BROWARD,8717304.0,250000,ROBB. GUN OR DEADLY WPN
673,673,28658,1,1987-04-03,1988-05-10,HILLSBOROUGH,8704147.0,30600,TRAFFICKING IN COCAINE
674,674,28658,2,1987-04-03,1988-05-10,HILLSBOROUGH,8704147.0,30600,TRAFFICKING IN COCAINE
675,675,28658,3,1988-03-05,1988-05-10,HILLSBOROUGH,8803434.0,30600,AGG ASSLT-W/WPN NO INTENT TO K
676,676,28675,1,1988-05-28,1989-06-26,LEE,8801673.0,50000,COCAINE-POSSESS
677,677,28675,2,1988-10-14,1989-06-26,LEE,8802211.0,50000,BURGUNOCCSTRUC/CV OR ATT.
678,678,28675,3,1988-10-14,1989-06-26,LEE,8802211.0,50000,"GRAND THEFT,$300 LESS &20,000"
679,679,28675,4,1989-02-25,1989-06-26,LEE,8900404.0,50000,BURG/DWELL/OCCUP.CONVEY
680,680,28675,5,1989-02-25,1989-06-26,LEE,8900404.0,50000,"GRAND THEFT,$300 LESS &20,000"
681,681,28678,1,1978-04-17,1978-11-29,POLK,,80000,BURGUNOCCSTRUC/CV OR ATT.
682,682,28678,2,1979-07-17,1980-10-23,OKALOOSA,,10000,ESCAPE
683,683,28678,3,1986-02-15,1987-03-27,LEE,8601044.0,90000,TRAFFIC IN STOLEN PROPERTY
684,684,28678,4,1986-02-15,1987-03-27,LEE,8601044.0,50000,UTTERING FORGERY
685,685,28678,11,1976-06-20,1977-08-01,DESOTO,,30300,LARCENY-OTHER
686,686,28849,1,1981-03-10,1981-03-10,BROWARD,,30000,"GRAND THEFT,$300 LESS &20,000"
687,687,28849,2,1980-11-30,1981-03-10,BROWARD,,30000,"GRAND THEFT,$300 LESS &20,000"
688,688,29026,1,1985-06-29,1988-05-23,ALACHUA,8502525.0,10600,AGG ASSLT-W/WPN NO INTENT TO K
689,689,29026,2,1985-06-29,1988-05-23,ALACHUA,8502525.0,10600,POSS.FIREARM BY FELON
690,690,29026,3,1988-04-04,1988-09-19,ALACHUA,8802034.0,20600,UTTERING FORGERY
691,691,29026,4,1989-04-29,1990-07-17,ALACHUA,8901872.0,20600,"GRAND THEFT,$300 LESS &20,000"
692,692,29026,5,1991-08-08,1991-10-08,ALACHUA,9103029.0,20000,UTTERING FORGERY
693,693,29026,6,1992-03-01,1992-09-29,ALACHUA,9201254.0,20600,BURGUNOCCSTRUC/CV OR ATT.
694,694,29026,7,2001-11-08,2002-03-28,ALACHUA,104155.0,20000,COCAINE-SALE/MANUF/DELIV.
695,695,29026,8,2001-11-08,2002-03-28,ALACHUA,104155.0,20000,COCAINE - POSSESSION
696,696,29026,9,2006-05-02,2006-12-13,ALACHUA,603190.0,40300,SALE COC. ETC. 1K FT.REL/BS
697,697,29026,10,2006-05-02,2006-12-13,ALACHUA,603190.0,40300,COCAINE - POSSESSION
698,698,29026,11,2012-01-17,2012-04-18,ALACHUA,1200226.0,11100,COCAINE - POSSESSION
699,699,29026,12,2012-01-17,2012-04-18,ALACHUA,1200226.0,11100,"FALSE INFO, ADVERSE EFFECT"
700,700,29026,22,1974-03-13,1976-05-11,ALACHUA,,30000,BURGL-FORCED ENTRY-NONRESIDENC
701,701,29171,1,1971-12-31,1972-10-25,PALM BEACH,,50000,SEXUAL BATTERY UNSPECIFIED
702,702,29171,2,1975-01-14,1975-06-04,PALM BEACH,,80000,SEXUAL BATTERY UNSPECIFIED
703,703,29171,3,1981-01-17,1981-07-24,HILLSBOROUGH,,150000,"L/L, INDEC.ASLT CHILD U/16"
704,704,29171,9,1975-01-14,1975-06-04,PALM BEACH,,20600,SEX BATT/CARNAL INTERC. U/18
705,705,29257,1,1978-02-16,1978-02-16,INTERSTATE,,20000,BURG/DWELL/OCCUP.CONVEY
706,706,29257,2,1979-08-10,1980-12-01,HIGHLANDS,,100000,BURGUNOCCSTRUC/CV OR ATT.
707,707,29257,3,1985-02-27,1985-07-05,PALM BEACH,8501527.0,20000,ESCAPE
708,708,29257,4,1985-03-19,1985-07-05,PALM BEACH,8502045.0,20000,"BURGLARY,ARMED W/EXP. OR WEAPO"
709,709,29257,5,1985-03-19,1985-07-05,PALM BEACH,8502045.0,20000,POSS.FIREARM BY FELON
710,710,29257,6,1989-05-11,1989-08-17,PALM BEACH,8906948.0,10600,GRAND THEFT MOTOR VEHICLE
711,711,29257,7,1989-12-17,1990-04-27,PALM BEACH,9000403.0,20000,TRAFFIC IN STOLEN PROPERTY
712,712,29257,8,1989-12-28,1990-05-21,GLADES,9000011.0,50000,BURGUNOCCSTRUC/CV OR ATT.
713,713,29257,9,1989-12-28,1990-05-21,GLADES,9000012.0,50000,GRAND THEFT MOTOR VEHICLE
714,714,29257,10,1994-08-14,1994-10-20,PALM BEACH,9408538.0,30000,GRAND THEFT MOTOR VEHICLE
715,715,29257,11,1996-08-07,1997-01-23,PALM BEACH,9608870.0,20300,GRAND THEFT MOTOR VEHICLE
716,716,29257,12,1996-11-24,1997-01-23,PALM BEACH,9613059.0,20300,GRAND THEFT MOTOR VEHICLE
717,717,29257,13,1999-06-02,1999-07-16,PALM BEACH,9906291.0,30000,BURGUNOCCSTRUC/CV OR ATT.
718,718,29257,14,2002-01-22,2004-02-06,POLK,200454.0,50000,"FLEE LEO/HISPEED,NO REGARD"
719,719,29257,15,2002-01-22,2004-02-06,POLK,200454.0,50000,GRAND THEFT MOTOR VEHICLE
720,720,29257,16,2002-01-22,2004-02-06,POLK,200454.0,50000,BURGUNOCCSTRUC/CV OR ATT.
721,721,29257,17,2007-07-28,2010-04-22,PALM BEACH,710758.0,50000,GRAND THEFT MOTOR VEHICLE
722,722,29257,18,2007-05-28,2010-04-22,PALM BEACH,707728.0,40600,COCAINE - POSSESSION
723,723,29257,19,2008-04-18,2010-04-22,PALM BEACH,805908.0,40600,GRAND THEFT MOTOR VEHICLE
724,724,29257,20,2008-10-10,2010-05-10,LAKE,803426.0,50000,GRAND THEFT MOTOR VEHICLE
725,725,29257,21,2008-10-15,2010-05-10,LAKE,803426.0,50000,DRIV W/LIC S/R/C/D FELONY
726,726,29257,22,2008-01-19,2010-05-20,HIGHLANDS,800096.0,40200,GRAND THEFT MOTOR VEHICLE
727,727,29257,24,1978-01-06,1978-02-16,PALM BEACH,,10500,BURGL-OTHER/OTHER STATE
728,728,29478,1,1976-06-30,1976-06-30,BROWARD,,100000,STOLEN PROPERTY
729,729,29478,2,1988-04-16,1988-08-03,BROWARD,8807609.0,50000,RESISTING OFFICER W/VIOLEN.
730,730,29478,3,1988-03-28,1988-08-03,BROWARD,8808009.0,50000,ROBB. NO GUN/DDLY.WPN
731,731,29478,4,1988-03-24,1988-08-03,BROWARD,8808010.0,50000,ROBB. NO GUN/DDLY.WPN
732,732,29478,5,1989-08-12,1990-02-22,BROWARD,8917569.0,220000,KIDNAP;COMM.OR FAC.FELONY
733,733,29478,6,1989-08-12,1990-02-22,BROWARD,8917569.0,150000,ROBB. NO GUN/DDLY.WPN
734,734,29478,7,1989-08-12,1990-02-22,BROWARD,8917569.0,50000,BURGUNOCCSTRUC/CV OR ATT.
735,735,29478,8,1989-08-12,1990-02-22,BROWARD,8917569.0,50000,GRAND THEFT MOTOR VEHICLE
736,736,29478,9,1989-08-12,1990-02-22,BROWARD,8917569.0,50000,RESISTING OFFICER W/VIOLEN.
737,737,29478,17,1976-05-04,1976-06-11,BROWARD,,30200,TRAFFIC IN STOLEN PROPERTY
738,738,29558,6,1970-09-05,1976-07-30,BROWARD,,50000,BURGL-FORCED ENTRY-RESIDENCE
739,739,29674,1,1978-02-28,1978-02-28,CLAY,,50000,OBTAIN SUBSTANCE BY FRAUD
740,740,29674,2,1982-08-18,1982-12-20,PUTNAM,8200732.0,50000,OBTAIN SUBSTANCE BY FRAUD
741,741,29674,3,1988-11-03,1989-01-05,DUVAL,8813634.0,10200,AGG BATTERY/W/DEADLY WEAPON
742,742,29674,4,1995-08-17,1995-09-28,DUVAL,9508086.0,10300,FAIL STOP CRASH INJ/DEATH
743,743,29674,14,1978-01-16,1978-02-28,DUVAL,,20900,OBTAIN SUBSTANCE BY FRAUD
744,744,29674,15,1988-11-03,1988-11-14,DUVAL,8813634.0,500,AGG BATTERY INTENDED HARM
745,745,29674,16,1989-06-22,1989-07-06,DUVAL,8901993.0,15,FRAUD-CHECK
746,746,29850,1,1970-12-11,1971-03-19,PINELLAS,,9999998,1ST DG MUR/PREMED. OR ATT.
747,747,29947,7,1970-09-11,1977-02-01,PINELLAS,,300000,ROBBERY-BUSINESS-GUN
748,748,30018,1,1971-04-05,1971-04-05,HILLSBOROUGH,,200000,ROBB. GUN OR DEADLY WPN
749,749,30018,2,1976-04-02,1976-04-02,UNKNOWN,,20000,OBSOLETE DATA-BEFORE EST.CODES
750,750,30018,3,1982-08-09,1982-11-23,HILLSBOROUGH,8209251.0,10000,BURGUNOCCSTRUC/CV OR ATT.
751,751,30018,4,1982-10-26,1982-11-23,HILLSBOROUGH,8212690.0,10000,BURGUNOCCSTRUC/CV OR ATT.
752,752,30018,5,1982-10-26,1982-11-23,HILLSBOROUGH,8212690.0,10000,"GRAND THEFT,$300 LESS &20,000"
753,753,30018,8,1979-12-21,1979-12-21,INTERSTATE,,30800,ROBBERY-STREET-OTHER WEAPON
754,754,30030,1,1975-04-10,1975-04-10,HILLSBOROUGH,,50000,LARCENY/GRAND THEFT
755,755,30030,2,1979-11-30,1980-06-16,HILLSBOROUGH,,100000,SEX BATT/CARNAL INTERC. U/18
756,756,30030,3,1986-04-02,1986-08-18,HILLSBOROUGH,8604718.0,30000,BURGUNOCCSTRUC/CV OR ATT.
757,757,30030,4,1986-04-02,1986-08-18,HILLSBOROUGH,8604718.0,30000,BURGLARY TOOLS-POSSESS
758,758,30030,5,1986-04-16,1986-08-18,HILLSBOROUGH,8605478.0,30000,BURGUNOCCSTRUC/CV OR ATT.
759,759,30030,6,1986-07-03,1986-08-18,HILLSBOROUGH,8609341.0,30000,BURGUNOCCSTRUC/CV OR ATT.
760,760,30030,7,1986-07-03,1986-08-18,HILLSBOROUGH,8609341.0,30000,"GRAND THEFT,$300 LESS &20,000"
761,761,30030,8,1989-02-28,1989-10-03,HILLSBOROUGH,8906616.0,90000,TRAFFIC IN STOLEN PROPERTY
762,762,30030,17,1975-03-29,1977-12-30,HILLSBOROUGH,,20800,LARCENY FROM BUILDING
763,763,30099,1,1993-10-29,1995-03-24,LEE,9302801.0,40000,"L/L, INDEC.ASLT CHILD U/16"
764,764,30099,2,1993-10-29,1995-03-24,LEE,9302801.0,40000,"L/L, INDEC.ASLT CHILD U/16"
765,765,30135,1,2018-02-10,2018-09-14,PALM BEACH,1801309.0,10200,COCAINE - POSSESSION
766,766,30135,2,2018-02-10,2018-09-14,PALM BEACH,1801309.0,10200,FEL/DELI W/GUN/CONC WPN/AMMO
767,767,30135,3,2018-05-08,2018-09-14,PALM BEACH,1804406.0,10200,FEL/DELI W/GUN/CONC WPN/AMMO
768,768,30135,4,2018-03-18,2018-09-14,PALM BEACH,1805593.0,10200,FEL/DELI W/GUN/CONC WPN/AMMO
769,769,30260,1,2018-02-08,2019-05-31,BROWARD,1801659.0,10513,TRAFFIC IN STOLEN PROPERTY
770,770,30260,2,2018-02-06,2019-05-31,BROWARD,1801659.0,10513,BURGUNOCCSTRUC/CV OR ATT.
771,771,30582,1,1987-10-30,1988-03-31,DUVAL,8709577.0,30000,AGG ASSLT-W/WPN NO INTENT TO K
772,772,30582,2,1987-10-30,1988-03-31,DUVAL,8709577.0,10600,POSS.FIREARM BY FELON
773,773,30582,3,2003-11-14,2004-11-29,DUVAL,411588.0,60000,AGG BATTERY/W/DEADLY WEAPON
774,774,30582,5,1970-08-09,1976-02-03,DUVAL,,200000,ROBBERY-BUSINESS-GUN
775,775,30587,1,1980-11-18,1981-03-20,DUVAL,,20000,CONSTRUCTIVE POSSESSION
776,776,30587,2,1992-09-17,1993-04-09,DUVAL,9210119.0,250000,TRAFFICKING IN COCAINE
777,777,30587,3,1992-09-17,1993-04-09,DUVAL,9210119.0,250000,TRAFFICKING IN COCAINE
778,778,30587,5,1980-11-18,1981-03-20,DUVAL,,10300,CONSTRUCTIVE POSSESSION
779,779,30587,6,1985-09-06,1985-11-01,DUVAL,8509695.0,20,CONSTRUCTIVE POSSESSION
780,780,30735,4,1971-03-07,1975-11-11,BROWARD,,150000,HOMICIDE-WLFL KILL-NONFMLY-GUN
781,781,30841,2,1971-01-09,1971-04-19,DUVAL,,100000,"2ND DEG.MURD,DANGEROUS ACT"
782,782,30893,1,1970-08-10,1971-06-10,MIAMI-DADE,7009047.0,50000,SEX BAT/COERCES BY THREAT
783,783,30893,8,1977-04-29,1977-07-26,MIAMI-DADE,,10500,ROBBERY-OTHER/OTHER STATE
784,784,30952,1,1971-03-25,1971-06-22,ESCAMBIA,7101360.0,100000,ROBB. NO GUN/DDLY.WPN
785,785,30952,2,1995-01-21,1999-12-21,ESCAMBIA,9500496.0,31015,AGG ASSLT-W/WPN NO INTENT TO K
786,786,30952,3,1995-07-07,1999-12-21,ESCAMBIA,9503523.0,31015,GRAND THEFT MOTOR VEHICLE
787,787,30952,5,1971-03-28,1971-06-22,BROWARD,,70200,ROBBERY-STREET-STRONGARM
788,788,30983,1,1970-12-20,1971-07-01,MIAMI-DADE,,50000,ROBBERY
789,789,30983,2,1974-12-28,1975-07-10,MIAMI-DADE,,9999998,ROBBERY
790,790,30983,6,1975-01-21,1975-07-10,MIAMI-DADE,,50400,ROBB. GUN OR DEADLY WPN
791,791,31208,3,1972-09-13,1976-04-30,SUMTER,,30400,AGGRAV ASSLT-NONFAMILY-OTHER
792,792,31251,1,1975-01-15,1975-03-07,SARASOTA,7500031.0,50000,"GRAND THEFT,$300 LESS &20,000"
793,793,31251,2,1982-07-12,1983-02-02,MARION,8200951.0,600000,"BURGLARY,ARMED W/EXP. OR WEAPO"
794,794,31251,3,1982-07-12,1983-02-02,MARION,8200951.0,600000,SEX BAT/ WPN. OR FORCE
795,795,31251,4,1982-07-12,1983-02-02,MARION,8200951.0,600000,ROBB. GUN OR DEADLY WPN
796,796,31251,19,1975-01-15,1975-03-07,MARION,,50000,"GRAND THEFT,$300 LESS &20,000"
797,797,31268,1,1971-07-17,1971-07-27,MIAMI-DADE,7105777.0,100000,ROBB. GUN OR DEADLY WPN
798,798,31268,5,1968-01-04,1974-12-31,MIAMI-DADE,,100000,ROBBERY-BUSINESS-GUN
799,799,31427,1,1973-02-12,1973-02-12,SAINT LUCIE,,60000,AGGRAVATED BATTERY
800,800,31427,2,1978-09-30,1978-10-27,SAINT LUCIE,,20000,RESISTING OFFICER W/VIOLEN.
801,801,31464,4,1971-04-22,1975-12-02,BROWARD,,70600,ROBBERY-BUSINESS-GUN
802,802,31682,1,1985-08-27,1987-08-28,PINELLAS,8513974.0,10001,AGG BATTERY/W/DEADLY WEAPON
803,803,31802,4,1971-07-16,1976-04-30,DUVAL,,70000,ESCAPE
804,804,31830,1,1981-12-03,1982-03-22,LEON,,150000,SEX BAT/INJURY NOT LIKELY
805,805,31830,5,1900-04-16,1977-06-14,LEON,,20800,AGGRAV ASSLT-NONFAMILY-OTHER
806,806,31835,2,1971-06-28,1971-10-01,MIAMI-DADE,,100200,HOMICIDE
807,807,31854,5,1971-07-10,1974-10-01,MIAMI-DADE,,50000,ROBBERY-BUSINESS-GUN
808,808,32053,1,1970-06-19,1971-10-20,BROWARD,,150000,ROBB. GUN OR DEADLY WPN
809,809,32053,2,1990-08-28,1991-01-15,BROWARD,9018047.0,30600,COCAINE-SALE OR PURCHASE
810,810,32053,3,1990-08-24,1991-01-15,BROWARD,9023836.0,40600,BURGUNOCCSTRUC/CV OR ATT.
811,811,32053,4,1990-08-24,1991-01-15,BROWARD,9023836.0,40600,"GRAND THEFT,$300 LESS &20,000"
812,812,32053,5,1996-09-06,1999-08-26,SARASOTA,9614696.0,20400,SELL SUBST.INSTEAD DRUGS
813,813,32053,6,1999-04-05,1999-08-26,SARASOTA,9906811.0,20400,BATTERY BY DETAINEE
814,814,32053,7,1999-05-07,1999-08-26,SARASOTA,9906828.0,20400,BURGLARY TOOLS-POSSESS
815,815,32053,8,2002-01-04,2005-05-20,SARASOTA,300155.0,20609,FEL/DELI W/GUN/CONC WPN/AMMO
816,816,32053,9,2004-05-15,2005-05-20,SARASOTA,407851.0,20609,COCAINE-PUR/POSS W/INT PUR.
817,817,32053,11,1970-06-20,1971-10-21,BROWARD,,80600,ROBBERY-BUSINESS-GUN
818,818,32074,1,1985-04-19,1985-11-18,HILLSBOROUGH,8504059.0,30000,"HOMICIDE,MANSL.CUL.NEGLI"
819,819,32074,2,1988-04-24,1988-07-18,HILLSBOROUGH,8805948.0,300000,SEX BAT BY ADULT/VCTM LT 12
820,820,32257,5,1974-09-19,1975-04-10,POLK,,40900,ROBBERY-OTHER/OTHER STATE
821,821,32297,1,1978-11-29,1979-04-24,COLUMBIA,,80000,"GRAND THEFT,$300 LESS &20,000"
822,822,32297,2,1983-09-17,1983-09-26,DUVAL,8308070.0,50000,BURGUNOCCSTRUC/CV OR ATT.
823,823,32297,3,1983-09-17,1983-09-26,DUVAL,8308070.0,70000,POSS.FIREARM BY FELON
824,824,32297,4,1986-06-16,1986-07-28,DUVAL,8605414.0,10001,ESCAPE
825,825,32297,5,1988-08-05,1988-09-01,DUVAL,8809453.0,20000,GAMBLING-OTHER
826,826,32297,6,1988-08-30,1988-11-07,DUVAL,8810554.0,20400,GAMBLING-OTHER
827,827,32297,7,1990-01-10,1990-12-20,SAINT JOHNS,9000064.0,30000,PRESENTS CONTERFEIT LOTTERY TI
828,828,32297,8,1990-01-10,1990-12-20,SAINT JOHNS,9000664.0,30000,COCAINE-POSSESS
829,829,32297,9,1991-12-07,1992-02-07,DUVAL,9113973.0,40600,GRAND THEFT MOTOR VEHICLE
830,830,32297,10,1995-08-02,1995-11-16,DUVAL,9507536.0,20000,COCAINE - POSSESSION
831,831,32297,18,1976-03-10,1976-07-22,DUVAL,,10900,COCAINE-POSSESS
832,832,32458,1,1986-08-24,1988-08-26,POLK,8604795.0,30600,GRAND THEFT MOTOR VEHICLE
833,833,32458,2,1986-08-24,1988-08-26,POLK,8604795.0,30600,TRAFFIC IN STOLEN PROPERTY
834,834,32458,3,1987-10-21,1988-08-26,POLK,8704452.0,30600,BURG/DWELL/OCCUP.CONVEY
835,835,32458,4,1988-04-05,1988-08-26,POLK,8802019.0,30600,"GRAND THEFT,$300 LESS &20,000"
836,836,32458,5,1991-04-02,1992-05-29,POLK,9101532.0,50000,BURGUNOCCSTRUC/CV OR ATT.
837,837,32458,6,1997-02-20,1997-10-30,POLK,9701115.0,20100,COCAINE - POSSESSION
838,838,32458,7,2001-08-10,2004-07-06,HIGHLANDS,100568.0,50000,POSSESS METHAMPHETAMINE
839,839,32458,8,2009-06-15,2010-07-09,POLK,905928.0,30000,S/M/D METH
840,840,32458,9,2009-08-24,2010-07-09,POLK,905959.0,30000,POSSESS METHAMPHETAMINE
841,841,32458,10,2013-05-01,2014-10-27,POLK,1303682.0,10515,POSS PLACE TRAFF/MAN SUBST
842,842,32458,12,1971-09-22,1973-09-18,BREVARD,,50000,ROBBERY-BUSINESS-GUN
843,843,32538,1,1971-11-23,1971-11-23,HILLSBOROUGH,,100000,"2ND DEG.MURD,DANGEROUS ACT"
844,844,32586,3,1971-08-31,1971-11-23,MIAMI-DADE,,70600,HOMICIDE-OTHER/OTHER STATE
845,845,32593,14,1978-11-07,1978-11-07,INTERSTATE,,50000,ROBBERY-OTHER/OTHER STATE
846,846,32596,1,1987-07-24,1988-11-17,ORANGE,8705243.0,40600,COCAINE-POSSESS
847,847,32596,2,1988-07-29,1988-11-17,ORANGE,8806505.0,40600,BURG/DWELL/OCCUP.CONVEY
848,848,32596,3,1988-09-27,1988-11-17,ORANGE,8808546.0,40600,"GRAND THEFT,$300 LESS &20,000"
849,849,32693,4,1971-04-23,1976-01-30,DUVAL,,50000,ROBBERY-BUSINESS-GUN
850,850,32753,1,1971-12-14,1971-12-14,MIAMI-DADE,,400000,ROBB. GUN OR DEADLY WPN
851,851,32753,4,1971-07-31,1971-11-10,MIAMI-DADE,,90600,ROBBERY
852,852,32760,1,1978-02-10,1978-02-10,OSCEOLA,,50000,FRAUD-CHECK
853,853,32760,2,1986-06-15,1986-12-22,OSCEOLA,8600672.0,20600,"GRAND THEFT,$300 LESS &20,000"
854,854,32760,3,1987-08-08,1988-03-02,OSCEOLA,8701128.0,30600,"GRAND THEFT,$300 LESS &20,000"
855,855,32760,4,1987-10-16,1988-03-02,OSCEOLA,8701254.0,30600,UTTERING FORGERY
856,856,32760,5,1989-01-06,1989-08-10,OSCEOLA,8900183.0,50000,BURGUNOCCSTRUC/CV OR ATT.
857,857,32760,6,1989-01-06,1989-08-10,OSCEOLA,8900183.0,120000,TRAFFIC IN STOLEN PROPERTY
858,858,32760,7,1992-05-03,1992-09-11,OSCEOLA,9200582.0,150000,BURG/DWELL/OCCUP.CONVEY
859,859,32760,8,1995-02-08,1995-11-08,OSCEOLA,9500370.0,30121,ROBB. NO GUN/DDLY.WPN
860,860,32760,9,2008-09-08,2009-02-17,OSCEOLA,804344.0,20000,COCAINE-SALE/MANUF/DELIV.
861,861,32760,10,2008-08-14,2009-07-08,OSCEOLA,805388.0,30000,ROBB. NO GUN/DDLY.WPN
862,862,32760,11,2015-12-26,2016-11-09,OSCEOLA,1504771.0,20600,PETIT THEFT/3RD CONVICTION
863,863,32760,12,2016-04-06,2016-11-09,OSCEOLA,1601225.0,20600,COCAINE - POSSESSION
864,864,32760,13,2019-04-24,2019-10-17,OSCEOLA,1902316.0,20000,PETIT THEFT/3RD CONVICTION
865,865,32978,1,1973-12-10,1973-12-10,UNKNOWN,,50000,UNKNOWN
866,866,32978,2,1978-06-19,1978-06-19,UNKNOWN,,30000,UNKNOWN
867,867,32978,3,1988-05-23,1989-02-06,PUTNAM,8800875.0,60000,COCAINE-SALE OR PURCHASE
868,868,32978,4,1995-04-20,1996-03-12,MIAMI-DADE,9512415.0,70000,BURGUNOCCSTRUC/CV OR ATT.
869,869,32978,5,1995-12-08,1996-03-12,MIAMI-DADE,9537721.0,70000,"GRAND THEFT,300 L/5,000"
870,870,32978,9,1978-05-01,1978-06-19,MIAMI-DADE,,11100,CONDIT RELEASE VIOLATION
871,871,33067,1,1976-03-01,1976-06-04,DUVAL,,90000,ROBB. GUN OR DEADLY WPN
872,872,33067,2,1982-01-30,1982-06-10,DUVAL,,100000,BURGUNOCCSTRUC/CV OR ATT.
873,873,33067,3,1989-04-10,1989-04-25,DUVAL,8905122.0,10600,COCAINE-POSSESS
874,874,33067,4,1992-06-07,1992-06-30,DUVAL,9206222.0,50000,BURGUNOCCSTRUC/CV OR ATT.
875,875,33067,5,1992-06-07,1992-06-30,DUVAL,9206222.0,50000,BURGLARY TOOLS-POSSESS
876,876,33067,6,1996-01-05,1996-03-25,DUVAL,9600667.0,11100,UTTER FORGED INSTRUMENT
877,877,33067,7,2002-07-20,2002-11-07,DUVAL,209024.0,80000,BURGUNOCCSTRUC/CV OR ATT.
878,878,33067,8,2002-07-17,2002-11-07,DUVAL,209024.0,80000,BURGUNOCCSTRUC/CV OR ATT.
879,879,33067,9,2002-07-17,2002-11-07,DUVAL,209024.0,80000,BURGUNOCCSTRUC/CV OR ATT.
880,880,33067,11,1979-11-20,1979-11-20,INTERSTATE,,30700,ROBBERY-OTHER/OTHER STATE
881,881,33237,1,1989-03-26,1991-01-07,MANATEE,8900887.0,50000,AGG ASSLT-INTENT COMMIT FELONY
882,882,33237,2,1990-02-08,1991-01-07,MANATEE,9000387.0,150000,ROBB. NO GUN/DDLY.WPN
883,883,33237,3,1990-02-08,1991-01-07,MANATEE,9000388.0,150000,ROBB. NO GUN/DDLY.WPN
884,884,33237,4,1990-02-07,1991-01-07,MANATEE,9000389.0,50000,ROBB. NO GUN/DDLY.WPN
885,885,33237,5,1990-02-07,1991-01-07,MANATEE,9000390.0,100000,ROBB. NO GUN/DDLY.WPN
886,886,33237,6,1990-02-08,1991-02-21,SARASOTA,9000470.0,150000,ROBB. NO GUN/DDLY.WPN
887,887,33262,1,1976-04-05,1976-04-05,DUVAL,,100000,"GRAND THEFT,$300 LESS &20,000"
888,888,33262,2,1983-09-21,1983-10-21,DUVAL,8308155.0,20000,BURGUNOCCSTRUC/CV OR ATT.
889,889,33262,3,1983-09-21,1983-10-21,DUVAL,8308155.0,20000,"GRAND THEFT,$300 LESS &20,000"
890,890,33262,4,1985-02-26,1985-05-20,MIAMI-DADE,8505103.0,40600,ROBB. GUN OR DEADLY WPN
891,891,33262,5,1985-02-26,1985-05-20,MIAMI-DADE,8505103.0,40600,AGG ASSLT-W/WPN NO INTENT TO K
892,892,33262,6,1985-02-26,1985-05-20,MIAMI-DADE,8505103.0,40600,CARRYING CONCEALED FIREARM
893,893,33262,7,1985-01-06,1985-07-31,DUVAL,8505858.0,150000,ROBB. NO GUN/DDLY.WPN
894,894,33262,8,1985-01-02,1985-07-31,DUVAL,8507219.0,150000,ROBB. NO GUN/DDLY.WPN
895,895,33262,9,1985-01-16,1985-07-31,DUVAL,8507220.0,150000,ROBB. GUN OR DEADLY WPN
896,896,33310,6,1970-04-11,1972-05-05,BROWARD,,80000,ROBBERY-BUSINESS-GUN
897,897,33405,1,1975-06-06,1975-06-06,ORANGE,,100000,POSSESS ILLEGAL WEAPON
898,898,33405,4,1974-12-25,1975-06-06,ORANGE,,40000,WEAPON OFFENSE-OTHER
899,899,33406,1,1975-10-27,1976-07-22,SAINT JOHNS,,150000,BURG/DWELL/OCCUP.CONVEY
900,900,33406,2,1982-12-04,1985-06-10,SEMINOLE,8300184.0,10600,POSS.FIREARM BY FELON
901,901,33406,3,1990-05-01,1990-11-02,DUVAL,9010159.0,20600,TRAFFIC IN STOLEN PROPERTY
902,902,33406,4,1989-09-17,1991-05-13,SAINT JOHNS,8902358.0,30600,BURG/DWELL/OCCUP.CONVEY
903,903,33406,5,1989-09-17,1991-05-13,SAINT JOHNS,8902358.0,30600,"GRAND THEFT O/$100,000 1ST.DEG"
904,904,33406,6,1990-10-02,1991-05-31,DUVAL,9102783.0,10600,FRAUD-CHECK
905,905,33406,8,1976-01-09,1976-07-22,SAINT JOHNS,,30700,BURGL-OTHER/OTHER STATE
906,906,33415,1,1980-01-28,1980-01-28,BAY,,20000,HEROIN-SALE/PURCH/DELIV.EXC.10
907,907,33415,2,1990-03-14,1991-03-27,VOLUSIA,9003117.0,50000,PETIT THEFT/3RD CONVICTION
908,908,33415,3,1991-02-16,1991-03-27,VOLUSIA,9100937.0,50000,ROBB. NO GUN/DDLY.WPN
909,909,33415,4,1994-03-08,1996-12-18,VOLUSIA,9400908.0,10627,WORTHLESS CHECKS
910,910,33415,5,1994-03-13,1996-12-18,VOLUSIA,9400908.0,10627,WORTHLESS CHECKS
911,911,33415,6,1994-03-08,1996-12-18,VOLUSIA,9400908.0,10627,WORTHLESS CHECKS
912,912,33415,7,1994-03-07,1996-12-18,VOLUSIA,9400908.0,10627,WORTHLESS CHECKS
913,913,33415,8,1994-03-05,1996-12-18,VOLUSIA,9400908.0,10627,WORTHLESS CHECKS
914,914,33415,9,1994-03-16,1996-12-18,VOLUSIA,9401489.0,10627,WORTHLESS CHECKS
915,915,33415,10,1994-03-15,1996-12-18,VOLUSIA,9401489.0,10627,WORTHLESS CHECKS
916,916,33415,11,1994-03-16,1996-12-18,VOLUSIA,9401490.0,10627,WORTHLESS CHECKS
917,917,33415,12,1994-03-15,1996-12-18,VOLUSIA,9401490.0,10627,WORTHLESS CHECKS
918,918,33415,13,1994-03-05,1996-12-18,VOLUSIA,9401491.0,10627,WORTHLESS CHECKS
919,919,33415,14,1994-03-07,1996-12-18,VOLUSIA,9401491.0,10627,WORTHLESS CHECKS
920,920,33415,15,1994-03-28,1996-12-18,VOLUSIA,9401492.0,10627,WORTHLESS CHECKS
921,921,33415,16,1994-03-29,1996-12-18,VOLUSIA,9401492.0,10627,WORTHLESS CHECKS
922,922,33415,17,1994-03-29,1996-12-18,VOLUSIA,9401492.0,10627,WORTHLESS CHECKS
923,923,33415,18,1994-03-29,1996-12-18,VOLUSIA,9401492.0,10627,WORTHLESS CHECKS
924,924,33415,19,1994-03-29,1996-12-18,VOLUSIA,9401492.0,10627,WORTHLESS CHECKS
925,925,33415,20,1994-03-29,1996-12-18,VOLUSIA,9401492.0,10627,WORTHLESS CHECKS
926,926,33415,21,1994-03-28,1996-12-18,VOLUSIA,9401493.0,10627,WORTHLESS CHECKS
927,927,33415,22,1994-03-28,1996-12-18,VOLUSIA,9401493.0,10627,WORTHLESS CHECKS
928,928,33415,23,1994-03-13,1996-12-18,VOLUSIA,9401493.0,10627,WORTHLESS CHECKS
929,929,33415,24,1994-03-13,1996-12-18,VOLUSIA,9401493.0,10627,WORTHLESS CHECKS
930,930,33415,25,1996-08-05,1996-12-18,VOLUSIA,9601278.0,50300,BURGUNOCCSTRUC/CV OR ATT.
931,931,33415,26,1996-07-29,1996-12-18,VOLUSIA,9601454.0,50300,UTTER FORGED INSTRUMENT
932,932,33415,27,1996-07-27,1996-12-18,VOLUSIA,9601454.0,50300,UTTER FORGED INSTRUMENT
933,933,33415,28,1996-07-29,1996-12-18,VOLUSIA,9601454.0,50300,UTTER FORGED INSTRUMENT
934,934,33415,29,1996-07-30,1996-12-18,VOLUSIA,9401454.0,50300,UTTER FORGED INSTRUMENT
935,935,33415,30,1996-07-27,1996-12-18,VOLUSIA,9601454.0,50300,UTTER FORGED INSTRUMENT
936,936,33415,31,2001-08-02,2002-12-11,VOLUSIA,101254.0,20600,PETIT THEFT/3RD CONVICTION
937,937,33415,32,2004-07-29,2004-08-12,VOLUSIA,401313.0,20000,COCAINE-SALE/MANUF/DELIV.
938,938,33415,33,2006-12-14,2007-02-14,ORANGE,617669.0,10800,PETIT THEFT/3RD CONVICTION
939,939,33415,34,2010-01-16,2010-03-30,VOLUSIA,1000231.0,40000,BURGUNOCCSTRUC/CV OR ATT.
940,940,33415,35,2006-12-14,2010-05-21,ORANGE,617669.0,20200,PETIT THEFT/3RD CONVICTION
941,941,33415,36,2017-09-20,2018-05-29,VOLUSIA,1712822.0,10600,PETIT THEFT/3RD CONVICTION
942,942,33479,1,1977-09-12,1977-09-12,UNKNOWN,,20000,UNKNOWN
943,943,33487,1,1974-03-01,1974-10-15,ORANGE,,70000,ROBB. GUN OR DEADLY WPN
944,944,33487,4,1974-03-14,1974-10-15,ORANGE,,40500,ROBBERY-BUSINESS-GUN
945,945,33498,6,1975-03-07,1975-06-12,ORANGE,,40400,BURGL-OTHER/OTHER STATE
946,946,33636,1,1977-11-17,1978-09-13,BROWARD,,100000,ROBB. NO GUN/DDLY.WPN
947,947,33636,2,1984-12-10,1985-04-02,BROWARD,8414170.0,50000,GRAND THEFT MOTOR VEHICLE
948,948,33636,3,1987-10-09,1988-01-11,BROWARD,8717115.0,40000,GRAND THEFT MOTOR VEHICLE
949,949,33636,4,1988-10-27,1989-12-05,BROWARD,8820880.0,40600,GRAND THEFT MOTOR VEHICLE
950,950,33636,5,1988-12-07,1989-12-05,BROWARD,8823631.0,40600,COCAINE-POSSESS
951,951,33636,6,1991-04-13,1991-10-31,BROWARD,9107132.0,70000,BURG/N/ASSLT/OCC.STRUCT.
952,952,33636,7,1993-05-22,1995-03-13,BROWARD,9308895.0,50000,GRAND THEFT MOTOR VEHICLE
953,953,33636,8,1994-03-30,1996-01-16,BROWARD,9405445.0,50618,GRAND THEFT MOTOR VEHICLE
954,954,33636,9,1994-12-20,1996-01-16,BROWARD,9421459.0,50618,GRAND THEFT MOTOR VEHICLE
955,955,33636,10,1994-12-20,1996-01-16,BROWARD,9503139.0,50618,"BURGLARY,ARMED W/EXP. OR WEAPO"
956,956,33636,11,1994-12-20,1996-01-16,BROWARD,9503139.0,50618,FEL/DELI W/GUN/CONC WPN/AMMO
957,957,33636,12,1994-12-20,1996-01-16,BROWARD,9503139.0,50618,GRAND THEFT FIREARM
958,958,33636,13,1995-10-31,1996-01-16,BROWARD,9519817.0,50618,BATT.LEO/FIRFGT/EMS/ETC.
959,959,33636,14,1994-12-20,2001-09-06,BROWARD,9503139.0,60100,"BURGLARY,ARMED W/EXP. OR WEAPO"
960,960,33636,15,1994-12-20,2001-09-06,BROWARD,9503139.0,60100,FEL/DELI W/GUN/CONC WPN/AMMO
961,961,33636,16,1994-12-20,2001-09-06,BROWARD,9503139.0,60100,GRAND THEFT FIREARM
962,962,33636,17,2003-04-17,2003-11-17,BROWARD,306536.0,20600,BURGUNOCCSTRUC/CV OR ATT.
963,963,33636,18,2003-07-06,2003-11-17,BROWARD,311196.0,20600,COCAINE - POSSESSION
964,964,33636,19,2008-11-08,2011-03-28,BROWARD,821494.0,20000,BURGUNOCCSTRUC/CV OR ATT.
965,965,33636,20,2010-05-22,2011-03-28,BROWARD,1009291.0,20000,POSS.CONTROL.SUBS/OTHER
966,966,33636,21,2014-02-08,2017-01-17,BROWARD,1401795.0,21100,BURG/DWELL/OCCUP.CONVEY
967,967,33636,22,2014-02-08,2017-01-17,BROWARD,1401795.0,21100,GRAND THEFT $5KL/$10K
968,968,33731,1,1970-09-08,1971-12-20,COLLIER,1901.0,20600,GRAND THEFT MOTOR VEHICLE
969,969,33731,2,1971-06-29,1971-12-20,COLLIER,2102.0,20600,BURGUNOCCSTRUC/CV OR ATT.
970,970,33731,3,1971-09-28,1972-03-17,COLLIER,2178.0,50000,BURGUNOCCSTRUC/CV OR ATT.
971,971,33731,4,1977-02-16,1977-11-14,COLLIER,7700085.0,150000,BURGLARY ASSAULT ANY PERSON
972,972,33731,5,1977-02-16,1977-11-14,COLLIER,7700085.0,50000,SEX BAT/ WPN. OR FORCE
973,973,33731,6,1977-02-16,1977-11-14,COLLIER,7700085.0,150000,"KIDNAP,ASSAULT OR TERRORIZE"
974,974,33731,7,1977-01-11,1977-11-14,COLLIER,7700410.0,300000,SEX BAT/ WPN. OR FORCE
975,975,33731,15,1971-10-17,1974-10-29,COLLIER,,100000,BURGL-FORCED ENTRY-NONRESIDENC
976,976,33828,1,1979-06-09,1979-11-07,ORANGE,,20000,POSSESS ILLEGAL WEAPON
977,977,33828,2,1981-10-14,1982-03-02,OSCEOLA,,200000,ROBB. GUN OR DEADLY WPN
978,978,33828,3,1991-02-13,1991-07-22,VOLUSIA,9100864.0,120000,ROBB. GUN OR DEADLY WPN
979,979,33828,4,1991-02-13,1999-06-18,VOLUSIA,9100864.0,150000,ROBB. GUN OR DEADLY WPN
980,980,33836,3,1972-01-24,1973-07-27,HILLSBOROUGH,,70200,ROBBERY-STREET-STRONGARM
981,981,33958,3,1971-09-23,1972-03-16,MIAMI-DADE,,61100,RAPE WITH OTHER WEAPON
982,982,33997,1,1982-04-12,1982-10-19,TAYLOR,8200082.0,120000,POSS.FIREARM BY FELON
983,983,33997,2,1982-06-04,1982-10-19,TAYLOR,8200120.0,120000,POSS.FIREARM BY FELON
984,984,33997,3,1982-06-04,1982-10-19,TAYLOR,8200120.0,50000,CARRYING CONCEALED FIREARM
985,985,33997,4,1990-07-24,1991-09-03,TAYLOR,9000283.0,40000,POSS.FIREARM BY FELON
986,986,33997,5,1990-07-25,1991-09-03,TAYLOR,9000283.0,40000,TRESPASS PROPERTY ARMED
987,987,33997,6,1990-07-25,1991-09-03,TAYLOR,9000283.0,40000,POSS.FIREARM BY FELON
988,988,33997,7,1990-09-08,1991-09-03,TAYLOR,9000333.0,40000,BURG/DWELL/OCCUP.CONVEY
989,989,33997,8,1990-09-08,1991-09-03,TAYLOR,9000333.0,40000,POSS.FIREARM BY FELON
990,990,33997,9,1996-12-31,2000-08-08,TAYLOR,9700013.0,50000,RESISTING OFFICER W/VIOLEN.
991,991,33997,10,2000-05-09,2000-08-08,TAYLOR,115.0,50000,AGG ASSLT-W/WPN NO INTENT TO K
992,992,33997,11,2000-05-09,2000-08-08,TAYLOR,115.0,100000,AGG BATTERY/W/DEADLY WEAPON
993,993,33997,12,2000-05-09,2000-08-08,TAYLOR,115.0,100000,FEL/DELI W/GUN/CONC WPN/AMMO
994,994,33997,13,2012-03-22,2016-07-11,TAYLOR,1200093.0,30600,"CONTRABAND, CO DETENTN FAC"
995,995,34004,4,1972-01-06,1972-03-22,DUVAL,,70300,ROBBERY-BUSINESS-GUN
996,996,34009,1,1975-09-20,1975-10-17,DUVAL,,50000,OBTAIN SUBSTANCE BY FRAUD
997,997,34009,2,1979-08-04,1979-10-02,DUVAL,,30000,OBTAIN SUBSTANCE BY FRAUD
998,998,34009,3,1980-07-15,1980-07-23,DUVAL,,20000,OBTAIN SUBSTANCE BY FRAUD
999,999,34009,4,1982-09-22,1982-10-28,DUVAL,8208543.0,20000,"GRAND THEFT,$300 LESS &20,000"
